Program,Heap_Used_Bytes,Available_Memory_Bytes,Total_Memory_Bytes,Memory_Utilization_Percent,Timestamp_Cycles
malloc-large.ke,139264,536604672,536928256,0.03,35121168857
malloc-large.ke,446464,536289280,536928256,0.08,35121234117
malloc-large.ke,618496,536117248,536928256,0.12,35121240825
malloc-large.ke,446464,536289280,536928256,0.08,35121249709
malloc-large.ke,802816,535932928,536928256,0.15,35121256401
malloc-large.ke,1253376,535482368,536928256,0.23,35121264707
malloc-large.ke,1683456,535052288,536928256,0.31,35121272366
malloc-large.ke,1818624,534917120,536928256,0.34,35121276547
malloc-large.ke,2203648,534532096,536928256,0.41,35121283535
malloc-large.ke,2682880,534048768,536928256,0.50,35121292493
malloc-large.ke,2883584,533848064,536928256,0.54,35121298324
malloc-large.ke,3280896,533450752,536928256,0.61,35121307047
malloc-large.ke,3743744,532987904,536928256,0.70,35121316690
malloc-large.ke,30638080,506040320,536928256,5.71,35121681581
malloc-large.ke,30240768,506437632,536928256,5.63,35121685249
malloc-large.ke,30699520,505978880,536928256,5.72,35121832118
malloc-large.ke,30834688,505843712,536928256,5.74,35121837882
malloc-large.ke,31035392,505643008,536928256,5.78,35121844403
malloc-large.ke,31395840,505282560,536928256,5.85,35121873712
malloc-large.ke,31260672,505417728,536928256,5.82,35121875986
malloc-large.ke,31502336,505171968,536928256,5.87,35121900316
malloc-large.ke,72302592,464293888,536928256,13.47,35122481590
malloc-large.ke,71843840,464752640,536928256,13.38,35122487068
malloc-large.ke,72192000,464404480,536928256,13.45,35122518088
malloc-large.ke,72413184,464183296,536928256,13.49,35122570173
malloc-large.ke,72056832,464539648,536928256,13.42,35122572645
malloc-large.ke,72224768,464371712,536928256,13.45,35122576925
malloc-large.ke,72634368,463962112,536928256,13.53,35122632234
malloc-large.ke,72224768,464371712,536928256,13.45,35122634953
malloc-large.ke,72720384,463876096,536928256,13.54,35122687997
malloc-large.ke,72269824,464326656,536928256,0.00,35122691287
malloc-large.ke,72470528,464125952,536928256,13.50,35123681952
malloc-large.ke,72335360,464261120,536928256,13.47,35123683733
malloc-large.ke,72605696,463990784,536928256,13.52,35123688976
malloc-large.ke,72142848,464453632,536928256,13.44,35123691001
malloc-large.ke,72585216,464011264,536928256,13.52,35123700466
malloc-large.ke,72904704,463691776,536928256,13.58,35123756004
malloc-large.ke,72704000,463892480,536928256,13.54,35123758129
malloc-large.ke,73007104,463585280,536928256,13.60,35123815279
malloc-large.ke,32206848,504385536,536928256,6.00,35123901338
malloc-large.ke,32501760,504090624,536928256,6.05,35123928162
malloc-large.ke,5607424,530984960,536928256,1.04,35123980573
malloc-large.ke,5808128,530784256,536928256,1.08,35123985980
malloc-large.ke,5537792,531054592,536928256,1.03,35123989147
malloc-large.ke,5840896,530751488,536928256,1.09,35123999779
malloc-large.ke,5521408,531070976,536928256,1.03,35124002863
malloc-large.ke,5709824,530882560,536928256,0.00,35124009367
malloc-large.ke,6189056,530403328,536928256,1.15,35124392155
malloc-large.ke,5709824,530882560,536928256,1.06,35124394508
malloc-large.ke,6152192,530440192,536928256,1.15,35124404809
malloc-large.ke,5951488,530640896,536928256,1.11,35124406607
malloc-large.ke,6344704,530247680,536928256,1.18,35124416270
malloc-large.ke,5959680,530632704,536928256,1.11,35124419134
malloc-large.ke,6397952,530194432,536928256,1.19,35124428392
malloc-large.ke,6103040,530489344,536928256,1.14,35124430583
malloc-large.ke,6311936,530280448,536928256,1.18,35124437674
malloc-large.ke,6103040,530489344,536928256,1.14,35124439621
malloc-large.ke,6430720,530161664,536928256,1.20,35124449060
malloc-large.ke,6189056,530403328,536928256,1.15,35124451408
malloc-large.ke,6586368,530006016,536928256,1.23,35124462519
malloc-large.ke,6225920,530366464,536928256,1.16,35124464762
malloc-large.ke,6696960,529895424,536928256,1.25,35124477266
malloc-large.ke,6258688,530333696,536928256,0.00,35124479748
malloc-large.ke,6512640,530079744,536928256,1.21,35124628054
malloc-large.ke,6119424,530472960,536928256,1.14,35124631109
malloc-large.ke,6385664,530206720,536928256,1.19,35124637812
malloc-large.ke,6078464,530513920,536928256,1.13,35124640461
malloc-large.ke,6467584,530124800,536928256,1.20,35124650426
malloc-large.ke,6279168,530313216,536928256,1.17,35124652271
malloc-large.ke,6463488,530128896,536928256,1.20,35124656539
malloc-large.ke,6242304,530350080,536928256,1.16,35124658917
malloc-large.ke,6664192,529928192,536928256,1.24,35124675377
malloc-large.ke,6463488,530128896,536928256,1.20,35124678288
malloc-large.ke,6684672,529907712,536928256,1.24,35124685508
malloc-large.ke,6287360,530305024,536928256,1.17,35124687813
malloc-large.ke,6471680,530120704,536928256,1.21,35124692505
malloc-large.ke,6123520,530468864,536928256,1.14,35124694658
malloc-large.ke,6549504,530042880,536928256,1.22,35124707691
malloc-large.ke,6365184,530227200,536928256,0.00,35124709706
malloc-large.ke,6533120,530059264,536928256,1.22,35124888961
malloc-large.ke,6230016,530362368,536928256,1.16,35124891580
malloc-large.ke,6422528,530169856,536928256,1.20,35124898579
malloc-large.ke,6238208,530354176,536928256,1.16,35124900555
malloc-large.ke,6643712,529948672,536928256,1.24,35124910968
malloc-large.ke,6475776,530116608,536928256,1.21,35124912819
malloc-large.ke,6742016,529850368,536928256,1.26,35124917581
malloc-large.ke,6336512,530255872,536928256,1.18,35124919801
malloc-large.ke,6578176,530014208,536928256,1.23,35124925090
malloc-large.ke,7077888,529514496,536928256,1.32,35124937200
malloc-large.ke,6606848,529985536,536928256,1.23,35124939586
malloc-large.ke,6774784,529817600,536928256,1.26,35124945378
malloc-large.ke,6606848,529985536,536928256,1.23,35124946881
malloc-large.ke,6938624,529653760,536928256,1.29,35124955293
malloc-large.ke,6770688,529821696,536928256,1.26,35124956843
malloc-large.ke,6922240,529670144,536928256,0.00,35124960027
malloc-large.ke,6619136,529973248,536928256,1.23,35125030213
malloc-large.ke,49745920,486846464,536928256,9.26,35125658655
malloc-large.ke,49250304,487342080,536928256,9.17,35125661379
malloc-large.ke,49729536,486862848,536928256,9.26,35125708392
malloc-large.ke,49463296,487129088,536928256,9.21,35125712151
malloc-large.ke,49635328,486957056,536928256,9.24,35125719260
malloc-large.ke,49192960,487399424,536928256,9.16,35125723199
malloc-large.ke,49696768,486895616,536928256,9.26,35125741346
malloc-large.ke,49364992,487227392,536928256,9.19,35125744578
malloc-large.ke,49680384,486912000,536928256,9.25,35125751526
malloc-large.ke,49426432,487165952,536928256,9.21,35125753211
malloc-large.ke,49848320,486744064,536928256,9.28,35125763274
malloc-large.ke,49520640,487071744,536928256,9.22,35125765098
malloc-large.ke,49741824,486850560,536928256,9.26,35125770090
malloc-large.ke,49311744,487280640,536928256,9.18,35125772255
malloc-large.ke,49528832,487063552,536928256,9.22,35126553304
malloc-large.ke,6402048,530190336,536928256,1.19,35126649203
malloc-large.ke,6873088,529719296,536928256,1.28,35126665193
malloc-large.ke,6631424,529960960,536928256,1.24,35126667625
malloc-large.ke,6983680,529608704,536928256,1.30,35126675929
malloc-large.ke,6512640,530079744,536928256,1.21,35126678953
malloc-large.ke,7016448,529575936,536928256,1.31,35126695258
malloc-large.ke,6795264,529797120,536928256,1.27,35126697531
malloc-large.ke,6963200,529629184,536928256,1.30,35126703660
malloc-large.ke,6520832,530071552,536928256,1.21,35126707238
malloc-large.ke,6705152,529887232,536928256,1.25,35126719267
malloc-large.ke,6225920,530366464,536928256,1.16,35126725131
malloc-large.ke,6545408,530046976,536928256,1.22,35126737288
malloc-large.ke,6156288,530436096,536928256,1.15,35126740374
malloc-large.ke,6475776,530116608,536928256,1.21,35126751413
malloc-large.ke,6324224,530268160,536928256,1.18,35126753960
malloc-large.ke,6643712,529948672,536928256,1.24,35127028321
malloc-large.ke,6475776,530116608,536928256,1.21,35127030585
malloc-large.ke,6672384,529920000,536928256,1.24,35127035234
malloc-large.ke,6406144,530186240,536928256,1.19,35127038756
malloc-large.ke,6787072,529805312,536928256,1.26,35127051296
malloc-large.ke,6569984,530022400,536928256,1.22,35127055757
malloc-large.ke,6778880,529813504,536928256,1.26,35127065054
malloc-large.ke,6569984,530022400,536928256,1.22,35127068016
malloc-large.ke,6914048,529678336,536928256,1.29,35127082325
malloc-large.ke,6410240,530182144,536928256,1.19,35127086314
malloc-large.ke,6676480,529915904,536928256,1.24,35127092488
malloc-large.ke,6361088,530231296,536928256,1.18,35127094928
malloc-large.ke,6819840,529772544,536928256,1.27,35127102722
malloc-large.ke,6619136,529973248,536928256,1.23,35127104720
malloc-large.ke,6815744,529776640,536928256,1.27,35127110135
malloc-large.ke,6336512,530255872,536928256,1.18,35127112171
malloc-large.ke,6832128,529760256,536928256,1.27,35127247465
malloc-large.ke,6512640,530079744,536928256,1.21,35127252028
malloc-large.ke,7000064,529592320,536928256,1.30,35127267173
malloc-large.ke,6578176,530014208,536928256,1.23,35127269195
malloc-large.ke,7073792,529518592,536928256,1.32,35127279876
malloc-large.ke,6615040,529977344,536928256,1.23,35127281978
malloc-large.ke,7049216,529543168,536928256,1.31,35127289608
malloc-large.ke,6729728,529862656,536928256,1.25,35127291422
malloc-large.ke,7221248,529371136,536928256,1.34,35127300323
malloc-large.ke,6799360,529793024,536928256,1.27,35127302250
malloc-large.ke,7307264,529285120,536928256,1.36,35127313125
malloc-large.ke,7110656,529481728,536928256,1.32,35127314725
malloc-large.ke,7602176,528990208,536928256,1.42,35127327949
malloc-large.ke,7430144,529162240,536928256,1.38,35127329630
malloc-large.ke,7708672,528883712,536928256,1.44,35127335151
malloc-large.ke,7213056,529379328,536928256,1.34,35127337551
malloc-large.ke,7725056,528867328,536928256,1.44,35127513771
malloc-large.ke,7528448,529063936,536928256,1.40,35127515862
malloc-large.ke,7741440,528850944,536928256,1.44,35127521060
malloc-large.ke,7307264,529285120,536928256,1.36,35127523178
malloc-large.ke,7479296,529113088,536928256,1.39,35127526869
malloc-large.ke,7286784,529305600,536928256,1.36,35127528933
malloc-large.ke,7684096,528908288,536928256,1.43,35127537750
malloc-large.ke,7176192,529416192,536928256,1.34,35127540046
malloc-large.ke,7479296,529113088,536928256,1.39,35127547021
malloc-large.ke,7135232,529457152,536928256,1.33,35127549108
malloc-large.ke,7319552,529272832,536928256,1.36,35127553025
malloc-large.ke,6828032,529764352,536928256,1.27,35127554949
malloc-large.ke,7340032,529252352,536928256,1.37,35127568408
malloc-large.ke,6848512,529743872,536928256,1.28,35127572215
malloc-large.ke,7258112,529334272,536928256,1.35,35127580728
malloc-large.ke,7073792,529518592,536928256,0.00,35127582415
malloc-large.ke,49668096,486924288,536928256,9.25,35128519755
malloc-large.ke,49287168,487305216,536928256,9.18,35128523848
malloc-large.ke,49487872,487104512,536928256,9.22,35128531033
malloc-large.ke,49168384,487424000,536928256,9.16,35128534027
malloc-large.ke,49467392,487124992,536928256,9.21,35128544246
malloc-large.ke,49057792,487534592,536928256,9.14,35128546720
malloc-large.ke,49246208,487346176,536928256,9.17,35128550966
malloc-large.ke,49074176,487518208,536928256,9.14,35128553346
malloc-large.ke,49377280,487215104,536928256,9.20,35128560068
malloc-large.ke,49188864,487403520,536928256,9.16,35128561555
malloc-large.ke,49446912,487145472,536928256,9.21,35128568867
malloc-large.ke,49143808,487448576,536928256,9.15,35128570563
malloc-large.ke,49577984,487014400,536928256,9.23,35128579758
malloc-large.ke,49082368,487510016,536928256,9.14,35128581843
malloc-large.ke,49348608,487243776,536928256,9.19,35128588057
malloc-large.ke,48844800,487747584,536928256,0.00,35128590084
malloc-large.ke,49229824,487362560,536928256,9.17,35129507608
malloc-large.ke,48971776,487620608,536928256,9.12,35129509701
malloc-large.ke,49438720,487153664,536928256,9.21,35129520543
malloc-large.ke,6844416,529747968,536928256,1.27,35129615410
malloc-large.ke,7245824,529346560,536928256,1.35,35129628205
malloc-large.ke,7045120,529547264,536928256,1.31,35129630010
malloc-large.ke,7442432,529149952,536928256,1.39,35129637589
malloc-large.ke,6942720,529649664,536928256,1.29,35129639720
malloc-large.ke,7344128,529248256,536928256,1.37,35129650150
malloc-large.ke,7041024,529551360,536928256,1.31,35129651882
malloc-large.ke,7401472,529190912,536928256,1.38,35129660800
malloc-large.ke,6889472,529702912,536928256,1.28,35129662986
malloc-large.ke,7036928,529555456,536928256,1.31,35129667571
malloc-large.ke,6770688,529821696,536928256,1.26,35129669321
malloc-large.ke,7094272,529498112,536928256,1.32,35129677933
malloc-large.ke,6660096,529932288,536928256,0.00,35129680054
malloc-large.ke,6942720,529649664,536928256,1.29,35129913937
malloc-large.ke,6676480,529915904,536928256,1.24,35129915883
malloc-large.ke,7077888,529514496,536928256,1.32,35129927082
malloc-large.ke,6676480,529915904,536928256,1.24,35129929593
malloc-large.ke,6889472,529702912,536928256,1.28,35129934566
malloc-large.ke,6610944,529981440,536928256,1.23,35129936129
malloc-large.ke,7073792,529518592,536928256,1.32,35129947648
malloc-large.ke,6860800,529731584,536928256,1.28,35129949617
malloc-large.ke,7049216,529543168,536928256,1.31,35129953364
malloc-large.ke,6750208,529842176,536928256,1.26,35129955011
malloc-large.ke,7262208,529330176,536928256,1.35,35129971116
malloc-large.ke,6799360,529793024,536928256,1.27,35129974305
malloc-large.ke,7045120,529547264,536928256,1.31,35129981000
malloc-large.ke,6692864,529899520,536928256,1.25,35129982956
malloc-large.ke,7041024,529551360,536928256,1.31,35129989032
malloc-large.ke,6529024,530063360,536928256,0.00,35129991180
malloc-large.ke,6852608,529739776,536928256,1.28,35130104672
malloc-large.ke,6492160,530100224,536928256,1.21,35130106595
malloc-large.ke,6709248,529883136,536928256,1.25,35130113359
malloc-large.ke,6496256,530096128,536928256,1.21,35130115023
malloc-large.ke,6791168,529801216,536928256,1.26,35130125973
malloc-large.ke,6508544,530083840,536928256,1.21,35130130396
malloc-large.ke,6668288,529924096,536928256,1.24,35130137196
malloc-large.ke,6270976,530321408,536928256,1.17,35130141594
malloc-large.ke,6512640,530079744,536928256,1.21,35130147082
malloc-large.ke,6086656,530505728,536928256,1.13,35130149216
malloc-large.ke,6430720,530161664,536928256,1.20,35130157701
malloc-large.ke,6283264,530309120,536928256,1.17,35130159324
malloc-large.ke,6656000,529936384,536928256,1.24,35130169002
malloc-large.ke,6467584,530124800,536928256,1.20,35130170549
malloc-large.ke,6705152,529887232,536928256,1.25,35130175638
malloc-large.ke,6520832,530071552,536928256,1.21,35130302960
malloc-large.ke,6905856,529686528,536928256,1.29,35130311775
malloc-large.ke,6610944,529981440,536928256,1.23,35130313555
malloc-large.ke,7024640,529567744,536928256,1.31,35130325779
malloc-large.ke,6623232,529969152,536928256,1.23,35130328252
malloc-large.ke,6807552,529784832,536928256,1.27,35130332236
malloc-large.ke,6561792,530030592,536928256,1.22,35130333938
malloc-large.ke,6811648,529780736,536928256,1.27,35130340328
malloc-large.ke,6488064,530104320,536928256,1.21,35130342387
malloc-large.ke,6852608,529739776,536928256,1.28,35130351064
malloc-large.ke,6602752,529989632,536928256,1.23,35130353080
malloc-large.ke,7045120,529547264,536928256,1.31,35130364379
malloc-large.ke,6885376,529707008,536928256,1.28,35130366153
malloc-large.ke,7315456,529276928,536928256,1.36,35130375098
malloc-large.ke,6848512,529743872,536928256,1.28,35130377716
malloc-large.ke,7241728,529350656,536928256,1.35,35130391045
malloc-large.ke,6828032,529764352,536928256,1.27,35130510543
malloc-large.ke,7299072,529293312,536928256,1.36,35130522457
malloc-large.ke,6914048,529678336,536928256,1.29,35130524423
malloc-large.ke,7278592,529313792,536928256,1.36,35130532696
malloc-large.ke,6836224,529756160,536928256,1.27,35130535518
malloc-large.ke,7168000,529424384,536928256,1.34,35130544175
malloc-large.ke,6823936,529768448,536928256,1.27,35130546339
malloc-large.ke,7090176,529502208,536928256,1.32,35130557684
malloc-large.ke,6688768,529903616,536928256,1.25,35130561779
malloc-large.ke,7081984,529510400,536928256,1.32,35130573990
malloc-large.ke,6750208,529842176,536928256,1.26,35130575944
malloc-large.ke,7098368,529494016,536928256,1.32,35130584870
malloc-large.ke,6750208,529842176,536928256,1.26,35130586785
malloc-large.ke,7069696,529522688,536928256,1.32,35130593099
malloc-large.ke,6676480,529915904,536928256,1.24,35130595091
malloc-large.ke,7139328,529453056,536928256,1.33,35130605410
malloc-large.ke,6922240,529670144,536928256,1.29,35130727246
malloc-large.ke,7397376,529195008,536928256,1.38,35130739565
malloc-large.ke,7213056,529379328,536928256,1.34,35130741056
malloc-large.ke,7458816,529133568,536928256,1.39,35130746758
malloc-large.ke,7213056,529379328,536928256,1.34,35130748285
malloc-large.ke,7507968,529084416,536928256,1.40,35130754265
malloc-large.ke,7143424,529448960,536928256,1.33,35130756204
malloc-large.ke,7450624,529141760,536928256,1.39,35130763425
malloc-large.ke,7057408,529534976,536928256,1.31,35130765280
malloc-large.ke,7331840,529260544,536928256,1.37,35130774453
malloc-large.ke,7110656,529481728,536928256,1.32,35130776182
malloc-large.ke,7618560,528973824,536928256,1.42,35130789189
malloc-large.ke,7344128,529248256,536928256,1.37,35130792363
malloc-large.ke,7806976,528785408,536928256,1.45,35130807586
malloc-large.ke,7512064,529080320,536928256,1.40,35130812089
malloc-large.ke,7847936,528744448,536928256,1.46,35130820424
malloc-large.ke,7462912,529129472,536928256,1.39,35130970191
malloc-large.ke,7671808,528920576,536928256,1.43,35130975733
malloc-large.ke,7208960,529383424,536928256,1.34,35130978159
malloc-large.ke,7458816,529133568,536928256,1.39,35130985532
malloc-large.ke,7221248,529371136,536928256,1.34,35130987233
malloc-large.ke,7704576,528887808,536928256,1.43,35131001532
malloc-large.ke,7233536,529358848,536928256,1.35,35131003900
malloc-large.ke,7491584,529100800,536928256,1.40,35131011673
malloc-large.ke,7225344,529367040,536928256,1.35,35131013276
malloc-large.ke,7385088,529207296,536928256,1.38,35131016316
malloc-large.ke,6909952,529682432,536928256,1.29,35131018581
malloc-large.ke,7352320,529240064,536928256,1.37,35131030739
malloc-large.ke,6955008,529637376,536928256,1.30,35131033682
malloc-large.ke,7208960,529383424,536928256,1.34,35131040454
malloc-large.ke,6950912,529641472,536928256,1.29,35131042183
malloc-large.ke,7364608,529227776,536928256,1.37,35131051083
malloc-large.ke,7110656,529481728,536928256,1.32,35131181545
malloc-large.ke,7356416,529235968,536928256,1.37,35131189577
malloc-large.ke,6926336,529666048,536928256,1.29,35131191475
malloc-large.ke,7307264,529285120,536928256,1.36,35131199510
malloc-large.ke,6942720,529649664,536928256,1.29,35131201335
malloc-large.ke,7122944,529469440,536928256,1.33,35131205500
malloc-large.ke,6914048,529678336,536928256,1.29,35131206959
malloc-large.ke,7163904,529428480,536928256,1.33,35131211839
malloc-large.ke,6701056,529891328,536928256,1.25,35131213636
malloc-large.ke,7036928,529555456,536928256,1.31,35131221029
malloc-large.ke,6656000,529936384,536928256,1.24,35131222854
malloc-large.ke,6819840,529772544,536928256,1.27,35131227115
malloc-large.ke,6639616,529952768,536928256,1.24,35131228632
malloc-large.ke,7012352,529580032,536928256,1.31,35131235535
malloc-large.ke,6639616,529952768,536928256,1.24,35131237434
malloc-large.ke,7004160,529588224,536928256,0.00,35131244081
malloc-large.ke,6520832,530071552,536928256,1.21,35131355622
malloc-large.ke,6881280,529711104,536928256,1.28,35131364960
malloc-large.ke,6467584,530124800,536928256,1.20,35131366862
malloc-large.ke,6844416,529747968,536928256,1.27,35131375559
malloc-large.ke,6496256,530096128,536928256,1.21,35131377290
malloc-large.ke,6656000,529936384,536928256,1.24,35131382151
malloc-large.ke,6283264,530309120,536928256,1.17,35131384025
malloc-large.ke,6451200,530141184,536928256,1.20,35131389061
malloc-large.ke,6074368,530518016,536928256,1.13,35131390713
malloc-large.ke,6492160,530100224,536928256,1.21,35131400343
malloc-large.ke,6131712,530460672,536928256,1.14,35131402138
malloc-large.ke,6295552,530296832,536928256,1.17,35131408024
malloc-large.ke,5853184,530739200,536928256,1.09,35131410067
malloc-large.ke,6148096,530444288,536928256,1.15,35131417430
malloc-large.ke,5812224,530780160,536928256,1.08,35131419611
malloc-large.ke,6217728,530374656,536928256,0.00,35131429642
malloc-large.ke,5730304,530862080,536928256,1.07,35131526328
malloc-large.ke,6135808,530456576,536928256,1.14,35131536766
malloc-large.ke,5890048,530702336,536928256,1.10,35131538885
malloc-large.ke,6172672,530419712,536928256,1.15,35131544849
malloc-large.ke,5754880,530837504,536928256,1.07,35131546881
malloc-large.ke,6148096,530444288,536928256,1.15,35131555280
malloc-large.ke,5840896,530751488,536928256,1.09,35131557256
malloc-large.ke,6348800,530243584,536928256,1.18,35131567548
malloc-large.ke,5840896,530751488,536928256,1.09,35131569552
malloc-large.ke,6266880,530325504,536928256,1.17,35131579776
malloc-large.ke,5873664,530718720,536928256,1.09,35131583378
malloc-large.ke,6168576,530423808,536928256,1.15,35131597869
malloc-large.ke,5873664,530718720,536928256,1.09,35131600390
malloc-large.ke,6184960,530407424,536928256,1.15,35131609141
malloc-large.ke,5935104,530657280,536928256,1.11,35131610907
malloc-large.ke,6307840,530284544,536928256,0.00,35131621267
malloc-large.ke,6148096,530444288,536928256,1.15,35131791316
malloc-large.ke,6549504,530042880,536928256,1.22,35131803163
malloc-large.ke,6299648,530292736,536928256,1.17,35131804977
malloc-large.ke,6471680,530120704,536928256,1.21,35131809692
malloc-large.ke,6299648,530292736,536928256,1.17,35131811257
malloc-large.ke,6688768,529903616,536928256,1.25,35131823118
malloc-large.ke,6524928,530067456,536928256,1.22,35131825008
malloc-large.ke,7032832,529559552,536928256,1.31,35131840032
malloc-large.ke,6709248,529883136,536928256,1.25,35131842965
malloc-large.ke,6975488,529616896,536928256,1.30,35131849431
malloc-large.ke,6811648,529780736,536928256,1.27,35131851003
malloc-large.ke,6983680,529608704,536928256,1.30,35131856150
malloc-large.ke,6811648,529780736,536928256,1.27,35131858312
malloc-large.ke,7315456,529276928,536928256,1.36,35131870249
malloc-large.ke,6807552,529784832,536928256,1.27,35131872756
malloc-large.ke,7041024,529551360,536928256,0.00,35131879716
malloc-large.ke,6746112,529846272,536928256,1.26,35132044436
malloc-large.ke,6926336,529666048,536928256,1.29,35132050164
malloc-large.ke,6500352,530092032,536928256,1.21,35132052380
malloc-large.ke,6705152,529887232,536928256,1.25,35132058890
malloc-large.ke,6332416,530259968,536928256,1.18,35132060955
malloc-large.ke,58052608,478539776,536928256,10.81,35132781092
malloc-large.ke,57819136,478773248,536928256,10.77,35132783373
malloc-large.ke,58290176,478302208,536928256,10.86,35132793096
malloc-large.ke,57970688,478621696,536928256,10.80,35132794809
malloc-large.ke,58351616,478240768,536928256,10.87,35132805040
malloc-large.ke,58085376,478507008,536928256,10.82,35132806861
malloc-large.ke,58466304,478126080,536928256,10.89,35132817234
malloc-large.ke,58286080,478306304,536928256,10.86,35132818848
malloc-large.ke,58626048,477966336,536928256,10.92,35132824211
malloc-large.ke,58384384,478208000,536928256,10.87,35132825661
malloc-large.ke,58863616,477728768,536928256,0.00,35132868558
malloc-large.ke,58527744,478064640,536928256,10.90,35134052505
malloc-large.ke,58998784,477593600,536928256,10.99,35134061870
malloc-large.ke,58830848,477761536,536928256,10.96,35134063647
malloc-large.ke,59179008,477413376,536928256,11.02,35134069476
malloc-large.ke,58814464,477777920,536928256,10.95,35134071140
malloc-large.ke,59326464,477265920,536928256,11.05,35134079776
malloc-large.ke,59015168,477577216,536928256,10.99,35134081853
malloc-large.ke,59326464,477265920,536928256,11.05,35134088736
malloc-large.ke,59015168,477577216,536928256,10.99,35134090426
malloc-large.ke,59359232,477233152,536928256,11.06,35134098478
malloc-large.ke,58970112,477622272,536928256,10.98,35134100638
malloc-large.ke,59179008,477413376,536928256,11.02,35134105970
malloc-large.ke,58839040,477753344,536928256,10.96,35134107928
malloc-large.ke,59019264,477573120,536928256,10.99,35134111771
malloc-large.ke,58675200,477917184,536928256,10.93,35134113976
malloc-large.ke,58822656,477769728,536928256,10.96,35134239755
malloc-large.ke,58351616,478240768,536928256,10.87,35134242809
malloc-large.ke,58806272,477786112,536928256,10.95,35134251217
malloc-large.ke,58335232,478257152,536928256,10.86,35134253438
malloc-large.ke,58552320,478040064,536928256,10.91,35134259512
malloc-large.ke,58392576,478199808,536928256,10.88,35134261045
malloc-large.ke,58593280,477999104,536928256,10.91,35134267168
malloc-large.ke,58445824,478146560,536928256,10.89,35134268622
malloc-large.ke,58744832,477847552,536928256,10.94,35134276089
malloc-large.ke,58290176,478302208,536928256,10.86,35134278113
malloc-large.ke,58597376,477995008,536928256,10.91,35134284922
malloc-large.ke,58249216,478343168,536928256,10.85,35134286933
malloc-large.ke,58454016,478138368,536928256,10.89,35134291086
malloc-large.ke,57946112,478646272,536928256,10.79,35134293370
malloc-large.ke,58376192,478216192,536928256,10.87,35134303814
malloc-large.ke,58093568,478498816,536928256,0.00,35134305660
malloc-large.ke,58580992,478011392,536928256,10.91,35134426111
malloc-large.ke,58150912,478441472,536928256,10.83,35134428461
malloc-large.ke,58572800,478019584,536928256,10.91,35134437971
malloc-large.ke,58167296,478425088,536928256,10.83,35134440573
malloc-large.ke,58654720,477937664,536928256,10.92,35134451624
malloc-large.ke,58253312,478339072,536928256,10.85,35134453782
malloc-large.ke,58552320,478040064,536928256,10.91,35134460142
malloc-large.ke,58073088,478519296,536928256,10.82,35134462219
malloc-large.ke,58437632,478154752,536928256,10.88,35134472001
malloc-large.ke,58236928,478355456,536928256,10.85,35134473804
malloc-large.ke,58400768,478191616,536928256,10.88,35134478417
malloc-large.ke,57978880,478613504,536928256,10.80,35134480626
malloc-large.ke,58421248,478171136,536928256,10.88,35134495496
malloc-large.ke,58056704,478535680,536928256,10.81,35134498274
malloc-large.ke,58413056,478179328,536928256,10.88,35134507393
malloc-large.ke,58195968,478396416,536928256,0.00,35134509084
malloc-large.ke,58339328,478253056,536928256,10.87,35134645052
malloc-large.ke,57827328,478765056,536928256,10.77,35134647414
malloc-large.ke,58273792,478318592,536928256,10.85,35134656078
malloc-large.ke,6553600,530038784,536928256,1.22,35134746226
malloc-large.ke,6975488,529616896,536928256,1.30,35134757180
malloc-large.ke,6529024,530063360,536928256,1.22,35134759210
malloc-large.ke,6938624,529653760,536928256,1.29,35134766915
malloc-large.ke,6733824,529858560,536928256,1.25,35134768454
malloc-large.ke,7012352,529580032,536928256,1.31,35134774595
malloc-large.ke,6606848,529985536,536928256,1.23,35134776629
malloc-large.ke,6885376,529707008,536928256,1.28,35134783057
malloc-large.ke,6381568,530210816,536928256,1.19,35134785178
malloc-large.ke,6807552,529784832,536928256,1.27,35134794050
malloc-large.ke,6508544,530083840,536928256,1.21,35134797823
malloc-large.ke,7004160,529588224,536928256,1.30,35134809976
malloc-large.ke,6840320,529752064,536928256,0.00,35134811540
malloc-large.ke,7290880,529301504,536928256,1.36,35135075912
malloc-large.ke,7110656,529481728,536928256,1.32,35135078001
malloc-large.ke,7614464,528977920,536928256,1.42,35135090731
malloc-large.ke,7409664,529182720,536928256,1.38,35135092762
malloc-large.ke,7684096,528908288,536928256,1.43,35135098152
malloc-large.ke,7262208,529330176,536928256,1.35,35135100494
malloc-large.ke,7397376,529195008,536928256,1.38,35135103758
malloc-large.ke,6893568,529698816,536928256,1.28,35135105943
malloc-large.ke,7376896,529215488,536928256,1.37,35135117384
malloc-large.ke,6864896,529727488,536928256,1.28,35135119494
malloc-large.ke,7127040,529465344,536928256,1.33,35135124180
malloc-large.ke,6852608,529739776,536928256,1.28,35135125929
malloc-large.ke,7319552,529272832,536928256,1.36,35135133315
malloc-large.ke,6893568,529698816,536928256,1.28,35135135506
malloc-large.ke,7053312,529539072,536928256,1.31,35135139136
malloc-large.ke,6746112,529846272,536928256,0.00,35135140763
malloc-large.ke,7180288,529412096,536928256,1.34,35135281950
malloc-large.ke,6799360,529793024,536928256,1.27,35135284368
malloc-large.ke,7024640,529567744,536928256,1.31,35135290353
malloc-large.ke,6725632,529866752,536928256,1.25,35135292091
malloc-large.ke,6905856,529686528,536928256,1.29,35135297915
malloc-large.ke,6410240,530182144,536928256,1.19,35135300229
malloc-large.ke,6877184,529715200,536928256,1.28,35135309993
malloc-large.ke,6668288,529924096,536928256,1.24,35135311630
malloc-large.ke,7163904,529428480,536928256,1.33,35135323336
malloc-large.ke,6668288,529924096,536928256,1.24,35135325539
malloc-large.ke,7012352,529580032,536928256,1.31,35135335300
malloc-large.ke,6602752,529989632,536928256,1.23,35135337387
malloc-large.ke,7098368,529494016,536928256,1.32,35135347237
malloc-large.ke,6615040,529977344,536928256,1.23,35135349393
malloc-large.ke,6791168,529801216,536928256,1.26,35135354178
malloc-large.ke,6529024,530063360,536928256,0.00,35135355936
malloc-large.ke,6770688,529821696,536928256,1.26,35135497114
malloc-large.ke,6283264,530309120,536928256,1.17,35135499585
malloc-large.ke,6565888,530026496,536928256,1.22,35135507351
malloc-large.ke,6221824,530370560,536928256,1.16,35135509110
malloc-large.ke,6500352,530092032,536928256,1.21,35135516530
malloc-large.ke,6221824,530370560,536928256,1.16,35135518101
malloc-large.ke,6496256,530096128,536928256,1.21,35135525583
malloc-large.ke,6217728,530374656,536928256,1.16,35135527210
malloc-large.ke,6705152,529887232,536928256,1.25,35135537750
malloc-large.ke,6524928,530067456,536928256,1.22,35135539407
malloc-large.ke,6803456,529788928,536928256,1.27,35135545486
malloc-large.ke,6307840,530284544,536928256,1.17,35135547469
malloc-large.ke,6561792,530030592,536928256,1.22,35135552791
malloc-large.ke,6205440,530386944,536928256,1.16,35135554951
malloc-large.ke,6631424,529960960,536928256,1.24,35135563819
malloc-large.ke,6205440,530386944,536928256,0.00,35135565859
malloc-large.ke,6361088,530231296,536928256,1.18,35135707420
malloc-large.ke,5894144,530698240,536928256,1.10,35135709517
malloc-large.ke,6389760,530202624,536928256,1.19,35135718894
malloc-large.ke,6111232,530481152,536928256,1.14,35135720698
malloc-large.ke,6307840,530284544,536928256,1.17,35135725873
malloc-large.ke,6053888,530538496,536928256,1.13,35135727560
malloc-large.ke,6418432,530173952,536928256,1.20,35135735517
malloc-large.ke,6258688,530333696,536928256,1.17,35135736992
malloc-large.ke,6451200,530141184,536928256,1.20,35135740879
malloc-large.ke,6172672,530419712,536928256,1.15,35135742521
malloc-large.ke,6529024,530063360,536928256,1.22,35135753008
malloc-large.ke,6078464,530513920,536928256,1.13,35135755624
malloc-large.ke,6344704,530247680,536928256,1.18,35135763122
malloc-large.ke,6168576,530423808,536928256,1.15,35135764609
malloc-large.ke,6410240,530182144,536928256,1.19,35135769729
malloc-large.ke,5922816,530669568,536928256,0.00,35135771550
malloc-large.ke,6197248,530395136,536928256,1.15,35135859434
malloc-large.ke,6053888,530538496,536928256,1.13,35135861212
malloc-large.ke,6561792,530030592,536928256,1.22,35135872762
malloc-large.ke,6197248,530395136,536928256,1.15,35135874613
malloc-large.ke,35168256,501424128,536928256,6.55,35136306730
malloc-large.ke,34672640,501919744,536928256,6.46,35136309772
malloc-large.ke,34914304,501678080,536928256,6.50,35136315479
malloc-large.ke,34648064,501944320,536928256,6.45,35136317285
malloc-large.ke,34869248,501723136,536928256,6.49,35136323866
malloc-large.ke,34402304,502190080,536928256,6.41,35136325892
malloc-large.ke,34869248,501723136,536928256,6.49,35136334070
malloc-large.ke,34594816,501997568,536928256,6.44,35136335804
malloc-large.ke,34844672,501747712,536928256,6.49,35136343031
malloc-large.ke,34488320,502104064,536928256,6.42,35136344956
malloc-large.ke,34734080,501858304,536928256,6.47,35136351204
malloc-large.ke,34451456,502140928,536928256,6.42,35137091799
malloc-large.ke,34619392,501972992,536928256,6.45,35137102483
malloc-large.ke,34344960,502247424,536928256,6.40,35137107885
malloc-large.ke,34607104,501985280,536928256,6.45,35137119645
malloc-large.ke,34361344,502231040,536928256,6.40,35137123321
malloc-large.ke,34832384,501760000,536928256,6.49,35137133169
malloc-large.ke,34365440,502226944,536928256,6.40,35137135260
malloc-large.ke,34770944,501821440,536928256,6.48,35137142290
malloc-large.ke,34508800,502083584,536928256,6.43,35137143905
malloc-large.ke,34971648,501620736,536928256,6.51,35137154866
malloc-large.ke,34529280,502063104,536928256,6.43,35137158171
malloc-large.ke,34783232,501809152,536928256,6.48,35137165033
malloc-large.ke,34312192,502280192,536928256,6.39,35137167169
malloc-large.ke,34508800,502083584,536928256,6.43,35137172316
malloc-large.ke,34312192,502280192,536928256,6.39,35137174004
malloc-large.ke,66088960,470503424,536928256,0.00,35137650268
malloc-large.ke,65863680,470728704,536928256,12.27,35146567028
malloc-large.ke,66125824,470466560,536928256,12.32,35146574393
malloc-large.ke,65863680,470728704,536928256,12.27,35146576102
malloc-large.ke,66351104,470241280,536928256,12.36,35146586947
malloc-large.ke,65916928,470675456,536928256,12.28,35146588927
malloc-large.ke,66195456,470396928,536928256,12.33,35146597846
malloc-large.ke,65953792,470638592,536928256,12.28,35146600211
malloc-large.ke,66125824,470466560,536928256,12.32,35146604821
malloc-large.ke,65970176,470622208,536928256,12.29,35146606188
malloc-large.ke,66482176,470110208,536928256,12.38,35146620057
malloc-large.ke,65994752,470597632,536928256,12.29,35146622703
malloc-large.ke,66265088,470327296,536928256,12.34,35146628846
malloc-large.ke,66023424,470568960,536928256,12.30,35146630694
malloc-large.ke,66527232,470065152,536928256,12.39,35146641065
malloc-large.ke,66359296,470233088,536928256,12.36,35146642966
malloc-large.ke,66646016,469946368,536928256,0.00,35146648794
malloc-large.ke,66240512,470351872,536928256,12.34,35156732151
malloc-large.ke,66600960,469991424,536928256,12.40,35156739660
malloc-large.ke,66113536,470478848,536928256,12.31,35156741676
malloc-large.ke,66523136,470069248,536928256,12.39,35156750474
malloc-large.ke,66236416,470355968,536928256,12.34,35156752168
malloc-large.ke,66715648,469876736,536928256,12.43,35156763341
malloc-large.ke,66445312,470147072,536928256,12.38,35156765128
malloc-large.ke,66686976,469905408,536928256,12.42,35156770448
malloc-large.ke,66551808,470040576,536928256,12.39,35156771943
malloc-large.ke,67055616,469536768,536928256,12.49,35156830508
malloc-large.ke,66801664,469790720,536928256,12.44,35156834270
malloc-large.ke,67059712,469532672,536928256,12.49,35156847821
malloc-large.ke,38088704,498503680,536928256,7.09,35156909415
malloc-large.ke,38264832,498327552,536928256,7.13,35156914389
malloc-large.ke,37752832,498839552,536928256,7.03,35156916841
malloc-large.ke,37965824,498626560,536928256,0.00,35156922743
malloc-large.ke,37793792,498798592,536928256,7.04,35171200890
malloc-large.ke,38158336,498434048,536928256,7.11,35171213521
malloc-large.ke,37937152,498655232,536928256,7.07,35171215994
malloc-large.ke,38252544,498339840,536928256,7.12,35171224930
malloc-large.ke,37937152,498655232,536928256,7.07,35171226885
malloc-large.ke,38100992,498491392,536928256,7.10,35171231847
malloc-large.ke,37593088,498999296,536928256,7.00,35171234151
malloc-large.ke,37781504,498810880,536928256,7.04,35171240191
malloc-large.ke,37416960,499175424,536928256,6.97,35171242280
malloc-large.ke,37769216,498823168,536928256,7.03,35171252426
malloc-large.ke,5992448,530599936,536928256,1.12,35171320216
malloc-large.ke,6197248,530395136,536928256,1.15,35171327513
malloc-large.ke,5939200,530653184,536928256,1.11,35171329348
malloc-large.ke,6361088,530231296,536928256,1.18,35171337717
malloc-large.ke,5939200,530653184,536928256,1.11,35171340006
malloc-large.ke,6414336,530178048,536928256,1.19,35181992129
malloc-large.ke,5951488,530640896,536928256,1.11,35181994901
malloc-large.ke,6262784,530329600,536928256,1.17,35182002742
malloc-large.ke,5758976,530833408,536928256,1.07,35182006718
malloc-large.ke,6205440,530386944,536928256,1.16,35182025096
malloc-large.ke,6008832,530583552,536928256,1.12,35182028358
malloc-large.ke,6217728,530374656,536928256,1.16,35182036042
malloc-large.ke,5976064,530616320,536928256,1.11,35182039325
malloc-large.ke,6287360,530305024,536928256,1.17,35182058703
malloc-large.ke,6094848,530497536,536928256,1.14,35182064866
malloc-large.ke,6397952,530194432,536928256,1.19,35182077922
malloc-large.ke,5922816,530669568,536928256,1.10,35182081675
malloc-large.ke,6168576,530423808,536928256,1.15,35182090664
malloc-large.ke,5959680,530632704,536928256,1.11,35182093609
malloc-large.ke,6373376,530219008,536928256,1.19,35182114350
malloc-large.ke,5926912,530665472,536928256,1.10,35182118624
malloc-large.ke,6291456,530300928,536928256,1.17,35194198992
malloc-large.ke,5980160,530612224,536928256,1.11,35194202167
malloc-large.ke,6238208,530354176,536928256,1.16,35194211664
malloc-large.ke,6033408,530558976,536928256,1.12,35194213682
malloc-large.ke,6475776,530116608,536928256,1.21,35194225198
malloc-large.ke,6111232,530481152,536928256,1.14,35194227464
malloc-large.ke,6303744,530288640,536928256,1.17,35194232620
malloc-large.ke,5992448,530599936,536928256,1.12,35194234274
malloc-large.ke,6455296,530137088,536928256,1.20,35194245249
malloc-large.ke,6041600,530550784,536928256,1.13,35194247914
malloc-large.ke,6287360,530305024,536928256,1.17,35194263843
malloc-large.ke,6094848,530497536,536928256,1.14,35194266555
malloc-large.ke,46764032,489828352,536928256,8.71,35195040655
malloc-large.ke,46485504,490106880,536928256,8.66,35195043887
malloc-large.ke,46710784,489881600,536928256,8.70,35195054843
malloc-large.ke,46407680,490184704,536928256,0.00,35195059059
malloc-large.ke,46829568,489762816,536928256,8.72,35207029870
malloc-large.ke,46477312,490115072,536928256,8.66,35207032416
malloc-large.ke,46710784,489881600,536928256,8.70,35207036667
malloc-large.ke,6041600,530550784,536928256,1.13,35207110099
malloc-large.ke,6422528,530169856,536928256,1.20,35207118420
malloc-large.ke,6172672,530419712,536928256,1.15,35207120103
malloc-large.ke,6389760,530202624,536928256,1.19,35207126557
malloc-large.ke,6176768,530415616,536928256,1.15,35207128061
malloc-large.ke,6672384,529920000,536928256,1.24,35207139165
malloc-large.ke,6426624,530165760,536928256,1.20,35207140724
malloc-large.ke,6815744,529776640,536928256,1.27,35207154595
malloc-large.ke,6569984,530022400,536928256,1.22,35207157723
malloc-large.ke,7081984,529510400,536928256,1.32,35207170872
malloc-large.ke,6619136,529973248,536928256,1.23,35207172824
malloc-large.ke,6987776,529604608,536928256,1.30,35207181340
malloc-large.ke,6545408,530046976,536928256,0.00,35207183626
malloc-large.ke,6934528,529657856,536928256,1.29,35217101686
malloc-large.ke,6524928,530067456,536928256,1.22,35217104095
malloc-large.ke,6713344,529879040,536928256,1.25,35217108027
malloc-large.ke,6537216,530055168,536928256,1.22,35217109388
malloc-large.ke,6901760,529690624,536928256,1.29,35217117248
malloc-large.ke,6406144,530186240,536928256,1.19,35217119768
malloc-large.ke,6807552,529784832,536928256,1.27,35217129933
malloc-large.ke,6590464,530001920,536928256,1.23,35217131486
malloc-large.ke,6926336,529666048,536928256,1.29,35217140870
malloc-large.ke,6447104,530145280,536928256,1.20,35217143084
malloc-large.ke,6684672,529907712,536928256,1.24,35217147599
malloc-large.ke,6447104,530145280,536928256,1.20,35217149040
malloc-large.ke,6848512,529743872,536928256,1.28,35217158067
malloc-large.ke,6426624,530165760,536928256,1.20,35217160009
malloc-large.ke,6639616,529952768,536928256,1.24,35217164584
malloc-large.ke,6406144,530186240,536928256,0.00,35217166240
malloc-large.ke,6639616,529952768,536928256,1.24,35226947508
malloc-large.ke,6238208,530354176,536928256,1.16,35226949822
malloc-large.ke,6447104,530145280,536928256,1.20,35226956484
malloc-large.ke,6205440,530386944,536928256,1.16,35226958204
malloc-large.ke,6418432,530173952,536928256,1.20,35226963479
malloc-large.ke,6230016,530362368,536928256,1.16,35226964978
malloc-large.ke,6660096,529932288,536928256,1.24,35226974766
malloc-large.ke,6295552,530296832,536928256,1.17,35226977056
malloc-large.ke,6557696,530034688,536928256,1.22,35226984241
malloc-large.ke,6324224,530268160,536928256,1.18,35226985875
malloc-large.ke,6537216,530055168,536928256,1.22,35226990580
malloc-large.ke,6275072,530317312,536928256,1.17,35226992170
malloc-large.ke,6643712,529948672,536928256,1.24,35227003083
malloc-large.ke,6430720,530161664,536928256,1.20,35227005318
malloc-large.ke,6819840,529772544,536928256,1.27,35227015396
malloc-large.ke,6418432,530173952,536928256,0.00,35227017778
malloc-large.ke,6823936,529768448,536928256,1.27,35238038492
malloc-large.ke,6320128,530272256,536928256,1.18,35238041748
malloc-large.ke,6660096,529932288,536928256,1.24,35238049356
malloc-large.ke,6291456,530300928,536928256,1.17,35238052067
malloc-large.ke,6549504,530042880,536928256,1.22,35238061365
malloc-large.ke,6119424,530472960,536928256,1.14,35238063417
malloc-large.ke,6422528,530169856,536928256,1.20,35238070796
malloc-large.ke,6213632,530378752,536928256,1.16,35238072330
malloc-large.ke,6610944,529981440,536928256,1.23,35238081417
malloc-large.ke,6352896,530239488,536928256,1.18,35238083050
malloc-large.ke,42844160,493748224,536928256,7.98,35238575463
malloc-large.ke,42463232,494129152,536928256,7.91,35238578352
malloc-large.ke,42668032,493924352,536928256,7.95,35238582789
malloc-large.ke,42463232,494129152,536928256,7.91,35238584164
malloc-large.ke,42762240,493830144,536928256,7.96,35238590081
malloc-large.ke,42459136,494133248,536928256,0.00,35238591867
malloc-large.ke,42614784,493977600,536928256,7.94,35248475392
malloc-large.ke,42278912,494313472,536928256,7.87,35248477618
malloc-large.ke,42684416,493907968,536928256,7.95,35248486998
malloc-large.ke,42295296,494297088,536928256,7.88,35248489237
malloc-large.ke,42467328,494125056,536928256,7.91,35248494038
malloc-large.ke,42061824,494530560,536928256,7.83,35248496219
malloc-large.ke,42467328,494125056,536928256,7.91,35248506685
malloc-large.ke,42070016,494522368,536928256,7.84,35248509070
malloc-large.ke,42467328,494125056,536928256,7.91,35248519266
malloc-large.ke,42278912,494313472,536928256,7.87,35248521021
malloc-large.ke,42434560,494157824,536928256,7.90,35248524945
malloc-large.ke,42045440,494546944,536928256,7.83,35248528176
malloc-large.ke,42528768,494063616,536928256,7.92,35248541097
malloc-large.ke,42139648,494452736,536928256,7.85,35248545604
malloc-large.ke,42639360,493953024,536928256,7.94,35248559853
malloc-large.ke,42475520,494116864,536928256,7.91,35259150066
malloc-large.ke,42737664,493854720,536928256,7.96,35259165691
malloc-large.ke,42340352,494252032,536928256,7.89,35259170394
malloc-large.ke,42717184,493875200,536928256,7.96,35259184892
malloc-large.ke,42348544,494243840,536928256,7.89,35259187517
malloc-large.ke,42508288,494084096,536928256,7.92,35259192812
malloc-large.ke,42209280,494383104,536928256,7.86,35259195178
malloc-large.ke,42602496,493989888,536928256,7.93,35259204735
malloc-large.ke,42430464,494161920,536928256,7.90,35259207530
malloc-large.ke,42840064,493752320,536928256,7.98,35259229012
malloc-large.ke,42684416,493907968,536928256,7.95,35259232731
malloc-large.ke,43171840,493420544,536928256,8.04,35259252717
malloc-large.ke,42958848,493633536,536928256,8.00,35259257112
malloc-large.ke,43278336,493314048,536928256,8.06,35259272093
malloc-large.ke,42766336,493826048,536928256,7.97,35259277949
malloc-large.ke,43151360,493441024,536928256,0.00,35259292174
malloc-large.ke,42770432,493821952,536928256,7.97,35269410727
malloc-large.ke,43151360,493441024,536928256,8.04,35269422974
malloc-large.ke,42926080,493666304,536928256,7.99,35269425351
malloc-large.ke,43126784,493465600,536928256,8.03,35269430824
malloc-large.ke,42643456,493948928,536928256,7.94,35269433152
malloc-large.ke,42975232,493617152,536928256,8.00,35269440341
malloc-large.ke,42582016,494010368,536928256,7.93,35269442442
malloc-large.ke,42725376,493867008,536928256,7.96,35269447546
malloc-large.ke,42582016,494010368,536928256,7.93,35269448858
malloc-large.ke,42864640,493727744,536928256,7.98,35269456881
malloc-large.ke,42364928,494227456,536928256,7.89,35269459854
malloc-large.ke,42786816,493805568,536928256,7.97,35269470710
malloc-large.ke,42627072,493965312,536928256,7.94,35269473153
malloc-large.ke,42876928,493715456,536928256,7.99,35269480483
malloc-large.ke,42618880,493973504,536928256,7.94,35269482225
malloc-large.ke,42844160,493748224,536928256,0.00,35269489528
malloc-large.ke,42524672,494067712,536928256,7.92,35281301180
malloc-large.ke,42704896,493887488,536928256,7.95,35281305363
malloc-large.ke,42299392,494292992,536928256,7.88,35281307152
malloc-large.ke,42532864,494059520,536928256,7.92,35281312117
malloc-large.ke,42151936,494440448,536928256,7.85,35281313964
malloc-large.ke,42524672,494067712,536928256,7.92,35281321819
malloc-large.ke,42164224,494428160,536928256,7.85,35281323719
malloc-large.ke,42459136,494133248,536928256,7.91,35281330363
malloc-large.ke,42127360,494465024,536928256,7.85,35281332183
malloc-large.ke,42319872,494272512,536928256,7.88,35281336597
malloc-large.ke,41947136,494645248,536928256,7.81,35281338875
malloc-large.ke,42278912,494313472,536928256,7.87,35281345713
malloc-large.ke,41947136,494645248,536928256,7.81,35281347459
malloc-large.ke,42450944,494141440,536928256,7.91,35281361906
malloc-large.ke,42201088,494391296,536928256,7.86,35281368052
malloc-large.ke,42352640,494239744,536928256,0.00,35281374731
malloc-large.ke,42070016,494522368,536928256,7.84,35291780254
malloc-large.ke,42389504,494202880,536928256,7.89,35291789435
malloc-large.ke,42127360,494465024,536928256,7.85,35291791574
malloc-large.ke,42602496,493989888,536928256,7.93,35291803380
malloc-large.ke,6111232,530481152,536928256,1.14,35291885920
malloc-large.ke,6619136,529973248,536928256,1.23,35291899020
malloc-large.ke,6467584,530124800,536928256,1.20,35291901115
malloc-large.ke,6963200,529629184,536928256,1.30,35291916238
malloc-large.ke,6578176,530014208,536928256,1.23,35291919089
malloc-large.ke,6844416,529747968,536928256,1.27,35291929709
malloc-large.ke,6688768,529903616,536928256,1.25,35291931689
malloc-large.ke,23052288,513540096,536928256,4.29,35292253353
malloc-large.ke,22544384,514048000,536928256,4.20,35292259629
malloc-large.ke,22777856,513814528,536928256,4.24,35292268388
malloc-large.ke,22552576,514039808,536928256,4.20,35292270324
malloc-large.ke,22900736,513691648,536928256,0.00,35292277600
malloc-large.ke,22700032,513892352,536928256,4.23,35304170110
malloc-large.ke,23101440,513490944,536928256,4.30,35304192768
malloc-large.ke,22695936,513896448,536928256,4.23,35304194872
malloc-large.ke,23113728,513478656,536928256,4.30,35304216636
malloc-large.ke,22880256,513712128,536928256,4.26,35304219128
malloc-large.ke,23154688,513437696,536928256,4.31,35304224194
malloc-large.ke,22806528,513785856,536928256,4.25,35304225950
malloc-large.ke,23248896,513343488,536928256,4.33,35304238227
malloc-large.ke,22847488,513744896,536928256,4.26,35304240839
malloc-large.ke,22982656,513609728,536928256,4.28,35304244690
malloc-large.ke,22507520,514084864,536928256,4.19,35304246887
malloc-large.ke,22994944,513597440,536928256,4.28,35304257510
malloc-large.ke,22507520,514084864,536928256,4.19,35304260023
malloc-large.ke,22745088,513847296,536928256,4.24,35304266827
malloc-large.ke,22470656,514121728,536928256,4.19,35304268931
malloc-large.ke,22671360,513921024,536928256,4.22,35314255220
malloc-large.ke,22536192,514056192,536928256,4.20,35314257056
malloc-large.ke,22986752,513605632,536928256,4.28,35314268261
malloc-large.ke,22749184,513843200,536928256,4.24,35314269860
malloc-large.ke,23179264,513413120,536928256,4.32,35314279346
malloc-large.ke,22683648,513908736,536928256,4.22,35314281466
malloc-large.ke,22831104,513761280,536928256,4.25,35314285059
malloc-large.ke,22638592,513953792,536928256,4.22,35314286941
malloc-large.ke,22958080,513634304,536928256,4.28,35314292997
malloc-large.ke,22745088,513847296,536928256,4.24,35314294478
malloc-large.ke,23044096,513548288,536928256,4.29,35314302992
malloc-large.ke,22777856,513814528,536928256,4.24,35314304669
malloc-large.ke,22974464,513617920,536928256,4.28,35314309153
malloc-large.ke,22827008,513765376,536928256,4.25,35314310906
malloc-large.ke,23318528,513273856,536928256,4.34,35314326527
malloc-large.ke,23138304,513454080,536928256,0.00,35314328702
malloc-large.ke,23416832,513175552,536928256,4.36,35325054971
malloc-large.ke,23220224,513372160,536928256,4.32,35325056564
malloc-large.ke,23453696,513138688,536928256,4.37,35325063898
malloc-large.ke,23023616,513568768,536928256,4.29,35325065660
malloc-large.ke,23429120,513163264,536928256,4.36,35325074881
malloc-large.ke,23019520,513572864,536928256,4.29,35325077117
malloc-large.ke,23220224,513372160,536928256,4.32,35325081111
malloc-large.ke,22986752,513605632,536928256,4.28,35325082618
malloc-large.ke,23420928,513171456,536928256,4.36,35325093100
malloc-large.ke,23101440,513490944,536928256,4.30,35325094980
malloc-large.ke,23461888,513130496,536928256,4.37,35325102559
malloc-large.ke,23261184,513331200,536928256,4.33,35325104171
malloc-large.ke,23609344,512983040,536928256,4.40,35325123352
malloc-large.ke,23121920,513470464,536928256,4.31,35325125367
malloc-large.ke,23351296,513241088,536928256,4.35,35325130324
malloc-large.ke,22859776,513732608,536928256,0.00,35325132521
malloc-large.ke,23244800,513347584,536928256,4.33,35334922419
malloc-large.ke,22822912,513769472,536928256,4.25,35334924703
malloc-large.ke,23019520,513572864,536928256,4.29,35334928947
malloc-large.ke,22634496,513957888,536928256,4.22,35334930831
malloc-large.ke,22880256,513712128,536928256,4.26,35334937276
malloc-large.ke,22519808,514072576,536928256,4.19,35334939770
malloc-large.ke,23023616,513568768,536928256,4.29,35334951797
malloc-large.ke,22777856,513814528,536928256,4.24,35334953431
malloc-large.ke,23130112,513462272,536928256,4.31,35334961601
malloc-large.ke,22831104,513761280,536928256,4.25,35334963581
malloc-large.ke,23052288,513540096,536928256,4.29,35334969465
malloc-large.ke,22618112,513974272,536928256,4.21,35334971334
malloc-large.ke,22827008,513765376,536928256,4.25,35334976856
malloc-large.ke,22474752,514117632,536928256,4.19,35334978983
malloc-large.ke,22822912,513769472,536928256,4.25,35334985909
malloc-large.ke,22622208,513970176,536928256,0.00,35334987506
malloc-large.ke,22962176,513630208,536928256,4.28,35346551121
malloc-large.ke,22753280,513839104,536928256,4.24,35346553251
malloc-large.ke,23027712,513564672,536928256,4.29,35346562863
malloc-large.ke,22609920,513982464,536928256,4.21,35346565208
malloc-large.ke,22908928,513683456,536928256,4.27,35346575330
malloc-large.ke,22568960,514023424,536928256,4.20,35346578120
malloc-large.ke,22917120,513675264,536928256,4.27,35346587063
malloc-large.ke,22683648,513908736,536928256,4.22,35346589204
malloc-large.ke,22913024,513679360,536928256,4.27,35346596321
malloc-large.ke,22536192,514056192,536928256,4.20,35346598742
malloc-large.ke,23031808,513560576,536928256,4.29,35346611171
malloc-large.ke,22802432,513789952,536928256,4.25,35346613107
malloc-large.ke,23281664,513310720,536928256,4.34,35346642572
malloc-large.ke,22831104,513761280,536928256,4.25,35346646321
malloc-large.ke,23285760,513306624,536928256,4.34,35346659702
malloc-large.ke,6922240,529670144,536928256,1.29,35356659226
malloc-large.ke,7278592,529313792,536928256,1.36,35356673825
malloc-large.ke,6938624,529653760,536928256,1.29,35356676031
malloc-large.ke,7229440,529362944,536928256,1.35,35356682318
malloc-large.ke,6909952,529682432,536928256,1.29,35356684095
malloc-large.ke,7380992,529211392,536928256,1.37,35356696317
malloc-large.ke,6975488,529616896,536928256,1.30,35356698393
malloc-large.ke,7290880,529301504,536928256,1.36,35356704421
malloc-large.ke,6836224,529756160,536928256,1.27,35356706344
malloc-large.ke,7221248,529371136,536928256,1.34,35356714472
malloc-large.ke,6864896,529727488,536928256,1.28,35356716195
malloc-large.ke,7225344,529367040,536928256,1.35,35356724591
malloc-large.ke,6930432,529661952,536928256,1.29,35356726256
malloc-large.ke,7340032,529252352,536928256,1.37,35356737077
malloc-large.ke,6991872,529600512,536928256,1.30,35356739400
malloc-large.ke,7479296,529113088,536928256,1.39,35356751868
malloc-large.ke,7282688,529309696,536928256,1.36,35367273170
malloc-large.ke,7794688,528797696,536928256,1.45,35367288910
malloc-large.ke,7290880,529301504,536928256,1.36,35367291477
malloc-large.ke,7475200,529117184,536928256,1.39,35367295609
malloc-large.ke,6987776,529604608,536928256,1.30,35367298825
malloc-large.ke,7319552,529272832,536928256,1.36,35367305980
malloc-large.ke,6971392,529620992,536928256,1.30,35367308012
malloc-large.ke,7479296,529113088,536928256,1.39,35367320602
malloc-large.ke,6967296,529625088,536928256,1.30,35367322911
malloc-large.ke,7323648,529268736,536928256,1.36,35367333403
malloc-large.ke,6938624,529653760,536928256,1.29,35367335318
malloc-large.ke,7421952,529170432,536928256,1.38,35367348160
malloc-large.ke,6950912,529641472,536928256,1.29,35367352402
malloc-large.ke,45453312,491139072,536928256,8.47,35367889415
malloc-large.ke,44974080,491618304,536928256,8.38,35367892109
malloc-large.ke,45195264,491397120,536928256,0.00,35367896420
malloc-large.ke,44916736,491675648,536928256,8.37,35377812539
malloc-large.ke,45256704,491335680,536928256,8.43,35377820186
malloc-large.ke,44965888,491626496,536928256,8.37,35377821878
malloc-large.ke,45477888,491114496,536928256,8.47,35377835265
malloc-large.ke,45137920,491454464,536928256,8.41,35377837116
malloc-large.ke,45481984,491110400,536928256,8.47,35377844414
malloc-large.ke,45133824,491458560,536928256,8.41,35377846216
malloc-large.ke,45576192,491016192,536928256,8.49,35377854688
malloc-large.ke,45072384,491520000,536928256,8.39,35377856687
malloc-large.ke,45580288,491012096,536928256,8.49,35377868384
malloc-large.ke,45072384,491520000,536928256,8.39,35377870715
malloc-large.ke,45314048,491278336,536928256,8.44,35377875106
malloc-large.ke,44830720,491761664,536928256,8.35,35377876982
malloc-large.ke,45260800,491331584,536928256,8.43,35377884920
malloc-large.ke,44900352,491692032,536928256,8.36,35377886710
malloc-large.ke,45039616,491552768,536928256,0.00,35377890275
malloc-large.ke,44630016,491962368,536928256,8.31,35387828874
malloc-large.ke,92565504,443953152,536928256,17.24,35388553879
malloc-large.ke,44630016,491888640,536928256,8.31,35388646709
malloc-large.ke,44867584,491651072,536928256,8.36,35388654870
malloc-large.ke,44728320,491790336,536928256,8.33,35388656521
malloc-large.ke,45178880,491339776,536928256,8.41,35388667497
malloc-large.ke,44949504,491569152,536928256,8.37,35388669341
malloc-large.ke,45191168,491327488,536928256,8.42,35388674511
malloc-large.ke,44748800,491769856,536928256,8.33,35388676385
malloc-large.ke,44908544,491610112,536928256,8.36,35388680756
malloc-large.ke,44666880,491851776,536928256,8.32,35388682367
malloc-large.ke,44847104,491671552,536928256,8.35,35388686605
malloc-large.ke,44548096,491970560,536928256,8.30,35388688219
malloc-large.ke,44978176,491540480,536928256,8.38,35388698182
malloc-large.ke,44482560,492036096,536928256,8.28,35388700777
malloc-large.ke,93577216,442941440,536928256,17.43,35400348170
malloc-large.ke,55074816,481443840,536928256,10.26,35400416542
malloc-large.ke,55234560,481284096,536928256,10.29,35400421635
malloc-large.ke,54960128,481558528,536928256,10.24,35400423325
malloc-large.ke,55291904,481226752,536928256,10.30,35400430897
malloc-large.ke,54976512,481542144,536928256,10.24,35400432619
malloc-large.ke,55279616,481239040,536928256,10.30,35400438226
malloc-large.ke,54771712,481746944,536928256,10.20,35400440270
malloc-large.ke,55107584,481411072,536928256,10.26,35400448304
malloc-large.ke,54804480,481714176,536928256,10.21,35400450002
malloc-large.ke,55263232,481255424,536928256,10.29,35400460823
malloc-large.ke,55042048,481476608,536928256,10.25,35400462454
malloc-large.ke,55238656,481280000,536928256,10.29,35400466970
malloc-large.ke,54902784,481615872,536928256,10.23,35400469042
malloc-large.ke,55373824,481144832,536928256,10.31,35400479726
malloc-large.ke,55152640,481366016,536928256,10.27,35400481246
malloc-large.ke,55480320,481038336,536928256,10.33,35411365635
malloc-large.ke,55050240,481468416,536928256,10.25,35411370753
malloc-large.ke,55255040,481263616,536928256,10.29,35411375964
malloc-large.ke,55095296,481423360,536928256,10.26,35411379052
malloc-large.ke,55390208,481128448,536928256,10.32,35411386678
malloc-large.ke,6295552,530223104,536928256,1.17,35411492550
malloc-large.ke,6516736,530001920,536928256,1.21,35411499114
malloc-large.ke,6356992,530161664,536928256,1.18,35411500785
malloc-large.ke,6561792,529956864,536928256,1.22,35411508324
malloc-large.ke,6234112,530284544,536928256,1.16,35411510260
malloc-large.ke,6455296,530063360,536928256,1.20,35411516574
malloc-large.ke,5996544,530522112,536928256,1.12,35411520407
malloc-large.ke,6164480,530354176,536928256,1.15,35411525667
malloc-large.ke,5943296,530575360,536928256,1.11,35411527373
malloc-large.ke,6090752,530427904,536928256,1.13,35411532069
malloc-large.ke,5648384,530870272,536928256,0.00,35411534011
malloc-large.ke,5816320,530702336,536928256,1.08,35421939429
malloc-large.ke,5574656,530944000,536928256,1.04,35421942309
malloc-large.ke,5808128,530710528,536928256,1.08,35421948615
malloc-large.ke,5513216,531005440,536928256,1.03,35421951148
malloc-large.ke,5681152,530837504,536928256,1.06,35421958884
malloc-large.ke,5447680,531070976,536928256,1.01,35421961501
malloc-large.ke,5926912,530591744,536928256,1.10,35421975252
malloc-large.ke,5595136,530923520,536928256,1.04,35421978295
malloc-large.ke,5808128,530710528,536928256,1.08,35421984874
malloc-large.ke,5451776,531066880,536928256,1.02,35421987511
malloc-large.ke,5881856,530636800,536928256,1.10,35422002141
malloc-large.ke,5701632,530817024,536928256,1.06,35422004626
malloc-large.ke,5984256,530534400,536928256,1.11,35422013644
malloc-large.ke,5513216,531005440,536928256,1.03,35422017201
malloc-large.ke,5869568,530649088,536928256,1.09,35422042616
malloc-large.ke,5439488,531079168,536928256,0.00,35422046549
malloc-large.ke,5853184,530665472,536928256,1.09,35431796305
malloc-large.ke,5509120,531009536,536928256,1.03,35431798633
malloc-large.ke,5685248,530833408,536928256,1.06,35431803583
malloc-large.ke,5173248,531345408,536928256,0.96,35431806085
malloc-large.ke,5517312,531001344,536928256,1.03,35431813144
malloc-large.ke,5312512,531206144,536928256,0.99,35431815642
malloc-large.ke,5771264,530747392,536928256,1.07,35431827049
malloc-large.ke,5550080,530968576,536928256,1.03,35431828784
malloc-large.ke,5713920,530804736,536928256,1.06,35431833187
malloc-large.ke,5300224,531218432,536928256,0.99,35431834961
malloc-large.ke,5763072,530755584,536928256,1.07,35431847085
malloc-large.ke,5283840,531234816,536928256,0.98,35431849187
malloc-large.ke,5795840,530722816,536928256,1.08,35431859605
malloc-large.ke,5464064,531054592,536928256,1.02,35431861607
malloc-large.ke,5636096,530882560,536928256,1.05,35431866754
malloc-large.ke,5468160,531050496,536928256,0.00,35431868352
malloc-large.ke,5885952,530632704,536928256,1.10,35441918279
malloc-large.ke,5713920,530804736,536928256,1.06,35441920391
malloc-large.ke,6029312,530489344,536928256,1.12,35441928611
malloc-large.ke,5816320,530702336,536928256,1.08,35441930199
malloc-large.ke,6049792,530468864,536928256,1.13,35441936148
malloc-large.ke,5599232,530919424,536928256,1.04,35441938577
malloc-large.ke,5771264,530747392,536928256,1.07,35441942731
malloc-large.ke,5455872,531062784,536928256,1.02,35441944522
malloc-large.ke,5926912,530591744,536928256,1.10,35441955086
malloc-large.ke,5455872,531062784,536928256,1.02,35441957031
malloc-large.ke,5693440,530825216,536928256,1.06,35441964418
malloc-large.ke,5525504,530993152,536928256,1.03,35441966529
malloc-large.ke,5910528,530608128,536928256,1.10,35441981137
malloc-large.ke,5742592,530776064,536928256,1.07,35441984476
malloc-large.ke,5902336,530616320,536928256,1.10,35441992307
malloc-large.ke,5443584,531075072,536928256,0.00,35441994745
malloc-large.ke,5648384,530870272,536928256,1.05,35452602687
malloc-large.ke,5292032,531226624,536928256,0.99,35452604926
malloc-large.ke,5779456,530739200,536928256,1.08,35452615565
malloc-large.ke,5316608,531202048,536928256,0.99,35452617989
malloc-large.ke,5464064,531054592,536928256,1.02,35452625026
malloc-large.ke,5287936,531230720,536928256,0.98,35452626481
malloc-large.ke,5500928,531017728,536928256,1.02,35452633897
malloc-large.ke,5328896,531189760,536928256,0.99,35452635314
malloc-large.ke,5726208,530792448,536928256,1.07,35452645191
malloc-large.ke,5529600,530989056,536928256,1.03,35452646659
malloc-large.ke,5881856,530636800,536928256,1.10,35452656056
malloc-large.ke,5668864,530849792,536928256,1.06,35452657546
malloc-large.ke,5955584,530563072,536928256,1.11,35452662928
malloc-large.ke,5771264,530747392,536928256,1.07,35452664374
malloc-large.ke,6012928,530505728,536928256,1.12,35452672255
malloc-large.ke,5582848,530935808,536928256,0.00,35452674080
malloc-large.ke,5890048,530628608,536928256,1.10,35462471420
malloc-large.ke,5652480,530866176,536928256,1.05,35462473381
malloc-large.ke,5988352,530530304,536928256,1.12,35462490002
malloc-large.ke,5746688,530771968,536928256,1.07,35462493543
malloc-large.ke,6041600,530477056,536928256,1.13,35462503562
malloc-large.ke,5881856,530636800,536928256,1.10,35462505036
malloc-large.ke,6344704,530173952,536928256,1.18,35462516177
malloc-large.ke,6197248,530321408,536928256,1.15,35462517568
malloc-large.ke,6565888,529952768,536928256,1.22,35462524656
malloc-large.ke,6418432,530100224,536928256,1.20,35462526123
malloc-large.ke,6582272,529936384,536928256,1.23,35462529420
malloc-large.ke,6348800,530169856,536928256,1.18,35462530886
malloc-large.ke,6815744,529702912,536928256,1.27,35462542547
malloc-large.ke,6397952,530120704,536928256,1.19,35462544671
malloc-large.ke,6610944,529907712,536928256,1.23,35462548926
malloc-large.ke,6148096,530370560,536928256,0.00,35462550906
malloc-large.ke,6369280,530149376,536928256,1.19,35472382167
malloc-large.ke,6205440,530313216,536928256,1.16,35472384018
malloc-large.ke,6713344,529805312,536928256,1.25,35472395307
malloc-large.ke,6508544,530010112,536928256,1.21,35472397015
malloc-large.ke,6762496,529756160,536928256,1.26,35472402755
malloc-large.ke,6410240,530108416,536928256,1.19,35472404615
malloc-large.ke,6856704,529661952,536928256,1.28,35472422462
malloc-large.ke,6569984,529948672,536928256,1.22,35472425393
malloc-large.ke,6844416,529674240,536928256,1.27,35472433604
malloc-large.ke,6606848,529911808,536928256,1.23,35472438681
malloc-large.ke,7098368,529420288,536928256,1.32,35472451339
malloc-large.ke,6791168,529727488,536928256,1.26,35472454071
malloc-large.ke,7176192,529342464,536928256,1.34,35472463811
malloc-large.ke,6832128,529686528,536928256,1.27,35472465895
malloc-large.ke,7266304,529252352,536928256,1.35,35472474267
malloc-large.ke,6991872,529526784,536928256,0.00,35472475959
malloc-large.ke,7426048,529092608,536928256,1.38,35482477435
malloc-large.ke,6914048,529604608,536928256,1.29,35482480062
malloc-large.ke,7409664,529108992,536928256,1.38,35482491582
malloc-large.ke,7196672,529321984,536928256,1.34,35482493223
malloc-large.ke,7471104,529047552,536928256,1.39,35482499102
malloc-large.ke,7176192,529342464,536928256,1.34,35482500731
malloc-large.ke,7471104,529047552,536928256,1.39,35482509044
malloc-large.ke,7024640,529494016,536928256,1.31,35482510956
malloc-large.ke,7499776,529018880,536928256,1.40,35482521796
malloc-large.ke,6991872,529526784,536928256,1.30,35482523742
malloc-large.ke,7303168,529215488,536928256,1.36,35482530903
malloc-large.ke,6807552,529711104,536928256,1.27,35482532836
malloc-large.ke,7208960,529309696,536928256,1.34,35482542763
malloc-large.ke,6926336,529592320,536928256,1.29,35482544652
malloc-large.ke,7168000,529350656,536928256,1.34,35482549390
malloc-large.ke,6766592,529752064,536928256,0.00,35482551234
malloc-large.ke,7147520,529371136,536928256,1.33,35492657313
malloc-large.ke,6766592,529752064,536928256,1.26,35492660549
malloc-large.ke,7028736,529489920,536928256,1.31,35492667573
malloc-large.ke,6594560,529924096,536928256,1.23,35492670218
malloc-large.ke,6946816,529571840,536928256,1.29,35492680743
malloc-large.ke,6610944,529907712,536928256,1.23,35492683251
malloc-large.ke,6959104,529559552,536928256,1.30,35492695865
malloc-large.ke,6705152,529813504,536928256,1.25,35492698758
malloc-large.ke,7180288,529338368,536928256,1.34,35492714462
malloc-large.ke,6828032,529690624,536928256,1.27,35492716890
malloc-large.ke,7143424,529375232,536928256,1.33,35492726804
malloc-large.ke,6795264,529723392,536928256,1.27,35492729291
malloc-large.ke,7155712,529362944,536928256,1.33,35492743189
malloc-large.ke,6770688,529747968,536928256,1.26,35492745543
malloc-large.ke,6983680,529534976,536928256,1.30,35492751699
malloc-large.ke,6623232,529895424,536928256,0.00,35492754343
malloc-large.ke,7090176,529428480,536928256,1.32,35504047957
malloc-large.ke,6615040,529903616,536928256,1.23,35504050438
malloc-large.ke,6754304,529764352,536928256,1.26,35504054092
malloc-large.ke,6459392,530059264,536928256,1.20,35504055683
malloc-large.ke,6971392,529547264,536928256,1.30,35504068274
malloc-large.ke,6586368,529932288,536928256,1.23,35504072369
malloc-large.ke,7077888,529440768,536928256,1.32,35504083902
malloc-large.ke,6873088,529645568,536928256,1.28,35504085843
malloc-large.ke,7364608,529154048,536928256,1.37,35504098491
malloc-large.ke,7200768,529317888,536928256,1.34,35504100066
malloc-large.ke,7663616,528855040,536928256,1.43,35504112696
malloc-large.ke,7151616,529367040,536928256,1.33,35504114702
malloc-large.ke,7639040,528879616,536928256,1.42,35504125802
malloc-large.ke,7204864,529313792,536928256,1.34,35504127748
malloc-large.ke,7675904,528842752,536928256,1.43,35504141448
malloc-large.ke,7413760,529104896,536928256,0.00,35504143384
malloc-large.ke,7634944,528883712,536928256,1.42,35513909419
malloc-large.ke,7143424,529375232,536928256,1.33,35513911694
malloc-large.ke,7372800,529145856,536928256,1.37,35513916931
malloc-large.ke,7159808,529358848,536928256,1.33,35513919274
malloc-large.ke,7606272,528912384,536928256,1.42,35513931931
malloc-large.ke,7294976,529223680,536928256,1.36,35513933783
malloc-large.ke,7532544,528986112,536928256,1.40,35513938451
malloc-large.ke,7069696,529448960,536928256,1.32,35513940506
malloc-large.ke,7426048,529092608,536928256,1.38,35513948717
malloc-large.ke,6950912,529567744,536928256,1.29,35513950750
malloc-large.ke,7245824,529272832,536928256,1.35,35513957837
malloc-large.ke,6758400,529760256,536928256,1.26,35513959910
malloc-large.ke,7106560,529412096,536928256,1.32,35513970618
malloc-large.ke,6864896,529653760,536928256,1.28,35513974141
malloc-large.ke,7122944,529395712,536928256,1.33,35513982834
malloc-large.ke,6774784,529743872,536928256,0.00,35513992079
malloc-large.ke,7163904,529354752,536928256,1.33,35523621129
malloc-large.ke,6717440,529801216,536928256,1.25,35523623251
malloc-large.ke,7028736,529489920,536928256,1.31,35523632293
malloc-large.ke,6537216,529981440,536928256,1.22,35523634318
malloc-large.ke,6717440,529801216,536928256,1.25,35523638437
malloc-large.ke,6361088,530157568,536928256,1.18,35523640203
malloc-large.ke,6516736,530001920,536928256,1.21,35523644188
malloc-large.ke,6221824,530296832,536928256,1.16,35523645722
malloc-large.ke,6643712,529874944,536928256,1.24,35523655262
malloc-large.ke,6152192,530366464,536928256,1.15,35523658450
malloc-large.ke,6447104,530071552,536928256,1.20,35523670158
malloc-large.ke,5976064,530542592,536928256,1.11,35523674128
malloc-large.ke,6422528,530096128,536928256,1.20,35523683821
malloc-large.ke,6033408,530485248,536928256,1.12,35523685643
malloc-large.ke,6221824,530296832,536928256,1.16,35523690693
malloc-large.ke,6000640,530518016,536928256,0.00,35523692209
malloc-large.ke,6209536,530309120,536928256,1.16,35533798233
malloc-large.ke,5971968,530546688,536928256,1.11,35533800163
malloc-large.ke,6139904,530378752,536928256,1.14,35533804138
malloc-large.ke,5828608,530690048,536928256,1.09,35533805848
malloc-large.ke,6115328,530403328,536928256,1.14,35533814236
malloc-large.ke,5648384,530870272,536928256,1.05,35533816318
malloc-large.ke,5976064,530542592,536928256,1.11,35533826280
malloc-large.ke,5746688,530771968,536928256,1.07,35533827895
malloc-large.ke,6033408,530485248,536928256,1.12,35533837406
malloc-large.ke,5758976,530759680,536928256,1.07,35533839826
malloc-large.ke,5959680,530558976,536928256,1.11,35533845208
malloc-large.ke,5791744,530726912,536928256,1.08,35533847130
malloc-large.ke,6135808,530382848,536928256,1.14,35533857186
malloc-large.ke,5820416,530698240,536928256,1.08,35533859464
malloc-large.ke,6307840,530210816,536928256,1.17,35533871038
malloc-large.ke,6127616,530391040,536928256,1.14,35544443827
malloc-large.ke,6565888,529952768,536928256,1.22,35544456543
malloc-large.ke,6279168,530239488,536928256,1.17,35544459882
malloc-large.ke,6488064,530030592,536928256,1.21,35544465000
malloc-large.ke,6279168,530239488,536928256,1.17,35544466568
malloc-large.ke,6426624,530092032,536928256,1.20,35544470162
malloc-large.ke,6139904,530378752,536928256,1.14,35544471873
malloc-large.ke,19279872,517238784,536928256,3.59,35544667086
malloc-large.ke,18792448,517726208,536928256,3.50,35544670100
malloc-large.ke,19234816,517283840,536928256,3.58,35544680406
malloc-large.ke,18747392,517771264,536928256,3.49,35544682527
malloc-large.ke,18903040,517615616,536928256,3.52,35544686002
malloc-large.ke,18681856,517836800,536928256,3.48,35544687498
malloc-large.ke,18972672,517545984,536928256,3.53,35544694125
malloc-large.ke,18763776,517754880,536928256,3.49,35544695868
malloc-large.ke,18935808,517582848,536928256,0.00,35544700868
malloc-large.ke,18796544,517722112,536928256,3.50,35554615204
malloc-large.ke,19087360,517431296,536928256,3.55,35554621688
malloc-large.ke,18640896,517877760,536928256,3.47,35554623573
malloc-large.ke,18829312,517689344,536928256,3.51,35554628415
malloc-large.ke,18460672,518057984,536928256,3.44,35554630130
malloc-large.ke,18817024,517701632,536928256,3.50,35554636461
malloc-large.ke,18526208,517992448,536928256,3.45,35554637956
malloc-large.ke,18980864,517537792,536928256,3.54,35554648790
malloc-large.ke,18792448,517726208,536928256,3.50,35554650343
malloc-large.ke,19050496,517468160,536928256,3.55,35554656045
malloc-large.ke,18722816,517795840,536928256,3.49,35554658065
malloc-large.ke,18894848,517623808,536928256,3.52,35554662891
malloc-large.ke,18722816,517795840,536928256,3.49,35554664370
malloc-large.ke,19050496,517468160,536928256,3.55,35554671968
malloc-large.ke,18706432,517812224,536928256,3.48,35554674013
malloc-large.ke,18927616,517591040,536928256,0.00,35554681185
malloc-large.ke,18489344,518029312,536928256,3.44,35564576831
malloc-large.ke,18898944,517619712,536928256,3.52,35564588167
malloc-large.ke,18751488,517767168,536928256,3.49,35564589716
malloc-large.ke,18931712,517586944,536928256,3.53,35564596905
malloc-large.ke,18759680,517758976,536928256,3.49,35564600110
malloc-large.ke,19079168,517439488,536928256,3.55,35564615547
malloc-large.ke,18821120,517697536,536928256,3.51,35564619159
malloc-large.ke,18984960,517533696,536928256,3.54,35564623387
malloc-large.ke,18587648,517931008,536928256,3.46,35564625417
malloc-large.ke,19038208,517480448,536928256,3.55,35564637379
malloc-large.ke,18595840,517922816,536928256,3.46,35564639543
malloc-large.ke,18755584,517763072,536928256,3.49,35564643446
malloc-large.ke,18300928,518217728,536928256,3.41,35564645529
malloc-large.ke,18604032,517914624,536928256,3.46,35564653609
malloc-large.ke,18415616,518103040,536928256,3.43,35564655196
malloc-large.ke,18608128,517910528,536928256,0.00,35564659961
malloc-large.ke,18350080,518168576,536928256,3.42,35575771690
malloc-large.ke,18792448,517726208,536928256,3.50,35575781816
malloc-large.ke,18599936,517918720,536928256,3.46,35575783758
malloc-large.ke,18857984,517660672,536928256,3.51,35575790931
malloc-large.ke,18530304,517988352,536928256,3.45,35575792863
malloc-large.ke,18743296,517775360,536928256,3.49,35575801798
malloc-large.ke,18542592,517976064,536928256,3.45,35575804993
malloc-large.ke,19005440,517513216,536928256,3.54,35575818243
malloc-large.ke,18825216,517693440,536928256,3.51,35575820272
malloc-large.ke,19144704,517373952,536928256,3.57,35575835339
malloc-large.ke,18849792,517668864,536928256,3.51,35575841958
malloc-large.ke,19038208,517480448,536928256,3.55,35575851203
malloc-large.ke,18874368,517644288,536928256,3.52,35575855594
malloc-large.ke,19296256,517222400,536928256,3.59,35575880846
malloc-large.ke,18886656,517632000,536928256,3.52,35575885931
malloc-large.ke,19267584,517251072,536928256,3.59,35589014214
malloc-large.ke,18976768,517541888,536928256,3.53,35589018709
malloc-large.ke,19120128,517398528,536928256,3.56,35589024640
malloc-large.ke,18698240,517820416,536928256,3.48,35589027918
malloc-large.ke,19185664,517332992,536928256,3.57,35589043969
malloc-large.ke,18763776,517754880,536928256,3.49,35589047251
malloc-large.ke,19152896,517365760,536928256,3.57,35589056926
malloc-large.ke,18665472,517853184,536928256,3.48,35589059705
malloc-large.ke,18817024,517701632,536928256,3.50,35589063588
malloc-large.ke,18374656,518144000,536928256,3.42,35589066213
malloc-large.ke,18751488,517767168,536928256,3.49,35589078423
malloc-large.ke,18595840,517922816,536928256,3.46,35589081849
malloc-large.ke,18866176,517652480,536928256,3.51,35589094734
malloc-large.ke,18653184,517865472,536928256,3.47,35589098587
malloc-large.ke,19099648,517419008,536928256,3.56,35589117006
malloc-large.ke,18948096,517570560,536928256,3.53,35589120914
malloc-large.ke,19435520,517083136,536928256,3.62,35603573923
malloc-large.ke,19247104,517271552,536928256,3.58,35603576577
malloc-large.ke,19501056,517017600,536928256,3.63,35603583356
malloc-large.ke,19034112,517484544,536928256,3.55,35603585865
malloc-large.ke,19394560,517124096,536928256,3.61,35603595119
malloc-large.ke,18931712,517586944,536928256,3.53,35603597619
malloc-large.ke,19296256,517222400,536928256,3.59,35603609332
malloc-large.ke,18907136,517611520,536928256,3.52,35603611675
malloc-large.ke,19300352,517218304,536928256,3.59,35603622282
malloc-large.ke,19042304,517476352,536928256,3.55,35603624363
malloc-large.ke,19529728,516988928,536928256,3.64,35603639466
malloc-large.ke,19369984,517148672,536928256,3.61,35603641334
malloc-large.ke,19640320,516878336,536928256,3.66,35603647717
malloc-large.ke,19275776,517242880,536928256,3.59,35603650410
malloc-large.ke,19677184,516841472,536928256,3.66,35603661377
malloc-large.ke,19406848,517111808,536928256,0.00,35603663889
malloc-large.ke,19619840,516898816,536928256,3.65,35613919327
malloc-large.ke,19300352,517218304,536928256,3.59,35613923684
malloc-large.ke,19615744,516902912,536928256,3.65,35613930217
malloc-large.ke,19345408,517173248,536928256,3.60,35613932299
malloc-large.ke,19484672,517033984,536928256,3.63,35613936470
malloc-large.ke,18997248,517521408,536928256,3.54,35613940536
malloc-large.ke,19283968,517234688,536928256,3.59,35613948388
malloc-large.ke,18980864,517537792,536928256,3.54,35613950063
malloc-large.ke,19484672,517033984,536928256,3.63,35613961152
malloc-large.ke,19329024,517189632,536928256,3.60,35613962743
malloc-large.ke,19771392,516747264,536928256,3.68,35613983074
malloc-large.ke,19378176,517140480,536928256,3.61,35613985260
malloc-large.ke,19644416,516874240,536928256,3.66,35613991518
malloc-large.ke,19263488,517255168,536928256,3.59,35613993473
malloc-large.ke,19693568,516825088,536928256,3.67,35614003270
malloc-large.ke,6553600,529965056,536928256,0.00,35614030621
malloc-large.ke,7028736,529489920,536928256,1.31,35624528188
malloc-large.ke,6582272,529936384,536928256,1.23,35624531575
malloc-large.ke,6737920,529780736,536928256,1.25,35624536826
malloc-large.ke,6471680,530046976,536928256,1.21,35624539644
malloc-large.ke,6782976,529735680,536928256,1.26,35624550282
malloc-large.ke,6467584,530051072,536928256,1.20,35624563586
malloc-large.ke,6979584,529539072,536928256,1.30,35624582402
malloc-large.ke,6537216,529981440,536928256,1.22,35624585924
malloc-large.ke,6918144,529600512,536928256,1.29,35624597814
malloc-large.ke,6561792,529956864,536928256,1.22,35624600127
malloc-large.ke,6905856,529612800,536928256,1.29,35624608855
malloc-large.ke,6504448,530014208,536928256,1.21,35624611517
malloc-large.ke,6823936,529694720,536928256,1.27,35624619193
malloc-large.ke,6504448,530014208,536928256,1.21,35624621552
malloc-large.ke,6676480,529842176,536928256,1.24,35624626836
malloc-large.ke,6455296,530063360,536928256,0.00,35624628689
malloc-large.ke,6750208,529768448,536928256,1.26,35635117287
malloc-large.ke,6463488,530055168,536928256,1.20,35635119509
malloc-large.ke,6934528,529584128,536928256,1.29,35635129418
malloc-large.ke,6483968,530034688,536928256,1.21,35635131379
malloc-large.ke,6877184,529641472,536928256,1.28,35635140602
malloc-large.ke,6557696,529960960,536928256,1.22,35635142262
malloc-large.ke,6823936,529694720,536928256,1.27,35635148205
malloc-large.ke,6529024,529989632,536928256,1.22,35635149860
malloc-large.ke,6664192,529854464,536928256,1.24,35635153528
malloc-large.ke,6176768,530341888,536928256,1.15,35635155569
malloc-large.ke,6332416,530186240,536928256,1.18,35635160555
malloc-large.ke,6176768,530341888,536928256,1.15,35635162010
malloc-large.ke,6426624,530092032,536928256,1.20,35635168541
malloc-large.ke,5951488,530567168,536928256,1.11,35635170622
malloc-large.ke,6156288,530362368,536928256,1.15,35635177836
malloc-large.ke,6000640,530518016,536928256,0.00,35635179530
malloc-large.ke,6139904,530378752,536928256,1.14,35645246709
malloc-large.ke,5890048,530628608,536928256,1.10,35645248374
malloc-large.ke,6365184,530153472,536928256,1.19,35645259046
malloc-large.ke,5853184,530665472,536928256,1.09,35645261236
malloc-large.ke,6160384,530358272,536928256,1.15,35645268114
malloc-large.ke,5988352,530530304,536928256,1.12,35645269777
malloc-large.ke,6266880,530251776,536928256,1.17,35645277677
malloc-large.ke,5955584,530563072,536928256,1.11,35645279702
malloc-large.ke,6311936,530206720,536928256,1.18,35645289849
malloc-large.ke,5935104,530583552,536928256,1.11,35645291719
malloc-large.ke,6430720,530087936,536928256,1.20,35645304613
malloc-large.ke,6086656,530432000,536928256,1.13,35645306455
malloc-large.ke,6483968,530034688,536928256,1.21,35645314750
malloc-large.ke,6205440,530313216,536928256,1.16,35645317868
malloc-large.ke,6529024,529989632,536928256,1.22,35645324946
malloc-large.ke,6262784,530255872,536928256,0.00,35645326712
malloc-large.ke,6537216,529981440,536928256,1.22,35655539112
malloc-large.ke,6107136,530411520,536928256,1.14,35655541482
malloc-large.ke,6365184,530153472,536928256,1.19,35655550172
malloc-large.ke,5967872,530550784,536928256,1.11,35655552886
malloc-large.ke,6201344,530317312,536928256,1.15,35655559432
malloc-large.ke,5947392,530571264,536928256,1.11,35655561314
malloc-large.ke,6340608,530178048,536928256,1.18,35655570685
malloc-large.ke,6135808,530382848,536928256,1.14,35655572416
malloc-large.ke,6406144,530112512,536928256,1.19,35655578733
malloc-large.ke,6045696,530472960,536928256,1.13,35655580771
malloc-large.ke,6434816,530083840,536928256,1.20,35655589388
malloc-large.ke,5963776,530554880,536928256,1.11,35655591809
malloc-large.ke,6250496,530268160,536928256,1.16,35655600342
malloc-large.ke,6115328,530403328,536928256,1.14,35655602010
malloc-large.ke,6418432,530100224,536928256,1.20,35655612970
malloc-large.ke,6094848,530423808,536928256,0.00,35655615765
malloc-large.ke,6369280,530149376,536928256,1.19,35665277436
malloc-large.ke,6230016,530288640,536928256,1.16,35665279491
malloc-large.ke,6422528,530096128,536928256,1.20,35665283679
malloc-large.ke,6135808,530382848,536928256,1.14,35665286018
malloc-large.ke,6385664,530132992,536928256,1.19,35665291599
malloc-large.ke,6004736,530513920,536928256,1.12,35665293527
malloc-large.ke,6504448,530014208,536928256,1.21,35665305731
malloc-large.ke,6201344,530317312,536928256,1.15,35665307461
malloc-large.ke,6414336,530104320,536928256,1.19,35665314338
malloc-large.ke,6201344,530317312,536928256,1.15,35665316486
malloc-large.ke,6340608,530178048,536928256,1.18,35665319699
malloc-large.ke,5947392,530571264,536928256,1.11,35665321681
malloc-large.ke,6275072,530243584,536928256,1.17,35665332731
malloc-large.ke,5881856,530636800,536928256,1.10,35665336716
malloc-large.ke,6062080,530456576,536928256,1.13,35665345796
malloc-large.ke,5849088,530669568,536928256,0.00,35665347962
malloc-large.ke,6266880,530251776,536928256,1.17,35676589261
malloc-large.ke,5763072,530755584,536928256,1.07,35676591885
malloc-large.ke,6115328,530403328,536928256,1.14,35676601787
malloc-large.ke,5808128,530710528,536928256,1.08,35676603867
malloc-large.ke,6299648,530219008,536928256,1.17,35676616339
malloc-large.ke,6025216,530493440,536928256,1.12,35676618810
malloc-large.ke,6492160,530026496,536928256,1.21,35676632773
malloc-large.ke,6352896,530165760,536928256,1.18,35676634861
malloc-large.ke,6651904,529866752,536928256,1.24,35676642084
malloc-large.ke,6299648,530219008,536928256,1.17,35676644474
malloc-large.ke,6606848,529911808,536928256,1.23,35676653076
malloc-large.ke,6279168,530239488,536928256,1.17,35676655998
malloc-large.ke,6455296,530063360,536928256,1.20,35676661732
malloc-large.ke,6184960,530333696,536928256,1.15,35676665726
malloc-large.ke,6664192,529854464,536928256,1.24,35676680304
malloc-large.ke,6164480,530354176,536928256,0.00,35676683098
malloc-large.ke,6590464,529928192,536928256,1.23,35686468345
malloc-large.ke,6414336,530104320,536928256,1.19,35686470520
malloc-large.ke,6606848,529911808,536928256,1.23,35686475283
malloc-large.ke,6467584,530051072,536928256,1.20,35686476903
malloc-large.ke,6766592,529752064,536928256,1.26,35686487165
malloc-large.ke,6287360,530231296,536928256,1.17,35686490082
malloc-large.ke,6496256,530022400,536928256,1.21,35686494403
malloc-large.ke,6021120,530497536,536928256,1.12,35686496660
malloc-large.ke,6307840,530210816,536928256,1.17,35686504399
malloc-large.ke,6127616,530391040,536928256,1.14,35686506014
malloc-large.ke,6545408,529973248,536928256,1.22,35686514980
malloc-large.ke,6352896,530165760,536928256,1.18,35686516662
malloc-large.ke,6578176,529940480,536928256,1.23,35686522556
malloc-large.ke,6291456,530227200,536928256,1.17,35686524323
malloc-large.ke,6709248,529809408,536928256,1.25,35686533306
malloc-large.ke,6451200,530067456,536928256,0.00,35686534956
malloc-large.ke,6811648,529707008,536928256,1.27,35696590589
malloc-large.ke,6512640,530006016,536928256,1.21,35696592520
malloc-large.ke,6860800,529657856,536928256,1.28,35696603744
malloc-large.ke,6512640,530006016,536928256,1.21,35696605602
malloc-large.ke,6959104,529559552,536928256,1.30,35696617326
malloc-large.ke,6815744,529702912,536928256,1.27,35696619669
malloc-large.ke,7233536,529285120,536928256,1.35,35696633808
malloc-large.ke,6815744,529702912,536928256,1.27,35696636534
malloc-large.ke,7147520,529371136,536928256,1.33,35696642294
malloc-large.ke,6873088,529645568,536928256,1.28,35696643992
malloc-large.ke,7020544,529498112,536928256,1.31,35696647880
malloc-large.ke,6828032,529690624,536928256,1.27,35696649304
malloc-large.ke,7065600,529453056,536928256,1.32,35696656700
malloc-large.ke,6856704,529661952,536928256,1.28,35696660261
malloc-large.ke,7020544,529498112,536928256,1.31,35696665575
malloc-large.ke,6594560,529924096,536928256,0.00,35696668020
malloc-large.ke,6963200,529555456,536928256,1.30,35707095353
malloc-large.ke,6594560,529924096,536928256,1.23,35707097399
malloc-large.ke,7000064,529518592,536928256,1.30,35707105751
malloc-large.ke,6610944,529907712,536928256,1.23,35707107932
malloc-large.ke,7065600,529453056,536928256,1.32,35707116576
malloc-large.ke,6610944,529907712,536928256,1.23,35707118600
malloc-large.ke,6815744,529702912,536928256,1.27,35707123714
malloc-large.ke,6397952,530120704,536928256,1.19,35707125459
malloc-large.ke,6840320,529678336,536928256,1.27,35707133570
malloc-large.ke,6508544,530010112,536928256,1.21,35707135237
malloc-large.ke,6713344,529805312,536928256,1.25,35707139498
malloc-large.ke,6246400,530272256,536928256,1.16,35707141410
malloc-large.ke,6561792,529956864,536928256,1.22,35707149352
malloc-large.ke,6144000,530374656,536928256,1.14,35707151162
malloc-large.ke,6434816,530083840,536928256,1.20,35707158639
malloc-large.ke,6184960,530333696,536928256,0.00,35707160170
malloc-large.ke,6533120,529985536,536928256,1.22,35717912726
malloc-large.ke,6090752,530427904,536928256,1.13,35717916591
malloc-large.ke,6377472,530141184,536928256,1.19,35717924152
malloc-large.ke,5931008,530587648,536928256,1.10,35717926631
malloc-large.ke,6168576,530350080,536928256,1.15,35717931389
malloc-large.ke,5677056,530841600,536928256,1.06,35717933241
malloc-large.ke,6057984,530460672,536928256,1.13,35717944578
malloc-large.ke,5853184,530665472,536928256,1.09,35717946519
malloc-large.ke,6168576,530350080,536928256,1.15,35717955772
malloc-large.ke,5750784,530767872,536928256,1.07,35717957681
malloc-large.ke,6213632,530305024,536928256,1.16,35717967546
malloc-large.ke,6049792,530468864,536928256,1.13,35717968957
malloc-large.ke,6471680,530046976,536928256,1.21,35717979670
malloc-large.ke,6172672,530345984,536928256,1.15,35717981505
malloc-large.ke,6459392,530059264,536928256,1.20,35717986994
malloc-large.ke,6144000,530374656,536928256,1.14,35728159853
malloc-large.ke,6651904,529866752,536928256,1.24,35728172613
malloc-large.ke,6426624,530092032,536928256,1.20,35728174181
malloc-large.ke,6909952,529608704,536928256,1.29,35728183139
malloc-large.ke,6561792,529956864,536928256,1.22,35728184911
malloc-large.ke,6852608,529666048,536928256,1.28,35728192727
malloc-large.ke,6615040,529903616,536928256,1.23,35728194343
malloc-large.ke,6893568,529625088,536928256,1.28,35728200069
malloc-large.ke,6615040,529903616,536928256,1.23,35728201846
malloc-large.ke,6778880,529739776,536928256,1.26,35728206024
malloc-large.ke,6631424,529887232,536928256,1.24,35728207583
malloc-large.ke,6856704,529661952,536928256,1.28,35728213266
malloc-large.ke,6619136,529899520,536928256,1.23,35728214975
malloc-large.ke,7004160,529514496,536928256,1.30,35728225055
malloc-large.ke,6520832,529997824,536928256,1.21,35728227158
malloc-large.ke,7000064,529518592,536928256,1.30,35728236359
malloc-large.ke,6492160,530026496,536928256,1.21,35738063385
malloc-large.ke,6656000,529862656,536928256,1.24,35738068156
malloc-large.ke,6299648,530219008,536928256,1.17,35738069934
malloc-large.ke,6615040,529903616,536928256,1.23,35738078497
malloc-large.ke,6451200,530067456,536928256,1.20,35738080404
malloc-large.ke,6725632,529793024,536928256,1.25,35738089307
malloc-large.ke,6418432,530100224,536928256,1.20,35738091065
malloc-large.ke,6656000,529862656,536928256,1.24,35738095797
malloc-large.ke,6492160,530026496,536928256,1.21,35738097274
malloc-large.ke,6905856,529612800,536928256,1.29,35738105714
malloc-large.ke,6426624,530092032,536928256,1.20,35738107995
malloc-large.ke,6762496,529756160,536928256,1.26,35738114954
malloc-large.ke,6426624,530092032,536928256,1.20,35738116847
malloc-large.ke,6656000,529862656,536928256,1.24,35738121974
malloc-large.ke,6340608,530178048,536928256,1.18,35738123674
malloc-large.ke,6660096,529858560,536928256,1.24,35738130415
malloc-large.ke,6344704,530173952,536928256,1.18,35748004477
malloc-large.ke,6848512,529670144,536928256,1.28,35748021276
malloc-large.ke,6561792,529956864,536928256,1.22,35748023851
malloc-large.ke,6717440,529801216,536928256,1.25,35748027999
malloc-large.ke,6492160,530026496,536928256,1.21,35748029695
malloc-large.ke,6983680,529534976,536928256,1.30,35748045053
malloc-large.ke,6746112,529772544,536928256,1.26,35748046964
malloc-large.ke,7229440,529289216,536928256,1.35,35748056992
malloc-large.ke,6868992,529649664,536928256,1.28,35748059505
malloc-large.ke,7077888,529440768,536928256,1.32,35748064833
malloc-large.ke,6615040,529903616,536928256,1.23,35748067227
malloc-large.ke,7036928,529481728,536928256,1.31,35748076367
malloc-large.ke,6746112,529772544,536928256,1.26,35748078193
malloc-large.ke,7077888,529440768,536928256,1.32,35748086645
malloc-large.ke,6848512,529670144,536928256,1.28,35748088369
malloc-large.ke,7196672,529321984,536928256,1.34,35748095882
malloc-large.ke,6848512,529670144,536928256,1.28,35759013691
malloc-large.ke,7274496,529244160,536928256,1.35,35759024690
malloc-large.ke,6860800,529657856,536928256,1.28,35759026678
malloc-large.ke,7352320,529166336,536928256,1.37,35759041953
malloc-large.ke,7020544,529498112,536928256,1.31,35759044342
malloc-large.ke,7233536,529285120,536928256,1.35,35759049408
malloc-large.ke,7000064,529518592,536928256,1.30,35759050946
malloc-large.ke,7163904,529354752,536928256,1.33,35759054901
malloc-large.ke,6742016,529776640,536928256,1.26,35759056851
malloc-large.ke,7024640,529494016,536928256,1.31,35759063739
malloc-large.ke,6529024,529989632,536928256,1.22,35759065751
malloc-large.ke,6828032,529690624,536928256,1.27,35759072887
malloc-large.ke,6508544,530010112,536928256,1.21,35759074847
malloc-large.ke,6676480,529842176,536928256,1.24,35759080214
malloc-large.ke,6402048,530116608,536928256,1.19,35759081976
malloc-large.ke,6860800,529657856,536928256,1.28,35759092533
malloc-large.ke,6369280,530149376,536928256,1.19,35768930785
malloc-large.ke,6561792,529956864,536928256,1.22,35768936521
malloc-large.ke,6103040,530415616,536928256,1.14,35768939277
malloc-large.ke,6578176,529940480,536928256,1.23,35768953465
malloc-large.ke,6156288,530362368,536928256,1.15,35768958018
malloc-large.ke,6471680,530046976,536928256,1.21,35768966950
malloc-large.ke,6184960,530333696,536928256,1.15,35768968864
malloc-large.ke,6688768,529829888,536928256,1.25,35768981944
malloc-large.ke,6520832,529997824,536928256,1.21,35768983583
malloc-large.ke,6901760,529616896,536928256,1.29,35768991547
malloc-large.ke,6692864,529825792,536928256,1.25,35768993170
malloc-large.ke,7073792,529444864,536928256,1.32,35769003087
malloc-large.ke,6569984,529948672,536928256,1.22,35769005357
malloc-large.ke,32137216,504381440,536928256,5.99,35769371208
malloc-large.ke,31944704,504573952,536928256,5.95,35769373449
malloc-large.ke,32264192,504254464,536928256,0.00,35769380282
malloc-large.ke,32051200,504467456,536928256,5.97,35779328039
malloc-large.ke,32530432,503988224,536928256,6.06,35779349910
malloc-large.ke,6963200,529555456,536928256,1.30,35779397653
malloc-large.ke,7290880,529227776,536928256,1.36,35779409252
malloc-large.ke,7000064,529518592,536928256,1.30,35779411163
malloc-large.ke,7176192,529342464,536928256,1.34,35779417832
malloc-large.ke,6971392,529547264,536928256,1.30,35779420156
malloc-large.ke,7274496,529244160,536928256,1.35,35779428014
malloc-large.ke,6893568,529625088,536928256,1.28,35779429723
malloc-large.ke,7045120,529473536,536928256,1.31,35779433334
malloc-large.ke,6889472,529629184,536928256,1.28,35779434780
malloc-large.ke,7282688,529235968,536928256,1.36,35779442148
malloc-large.ke,6897664,529620992,536928256,1.28,35779444021
malloc-large.ke,7151616,529367040,536928256,1.33,35779449866
malloc-large.ke,6746112,529772544,536928256,1.26,35779451787
malloc-large.ke,7057408,529461248,536928256,0.00,35779459697
malloc-large.ke,6553600,529965056,536928256,1.22,35789543074
malloc-large.ke,6750208,529768448,536928256,1.26,35789547631
malloc-large.ke,6553600,529965056,536928256,1.22,35789549154
malloc-large.ke,7012352,529506304,536928256,1.31,35789562180
malloc-large.ke,6631424,529887232,536928256,1.24,35789564578
malloc-large.ke,6950912,529567744,536928256,1.29,35789573925
malloc-large.ke,6524928,529993728,536928256,1.22,35789576289
malloc-large.ke,6942720,529575936,536928256,1.29,35789587382
malloc-large.ke,6459392,530059264,536928256,1.20,35789589780
malloc-large.ke,6746112,529772544,536928256,1.26,35789595715
malloc-large.ke,6459392,530059264,536928256,1.20,35789597475
malloc-large.ke,6971392,529547264,536928256,1.30,35789606517
malloc-large.ke,6578176,529940480,536928256,1.23,35789608493
malloc-large.ke,6750208,529768448,536928256,1.26,35789612343
malloc-large.ke,6270976,530247680,536928256,1.17,35789614627
malloc-large.ke,6582272,529936384,536928256,0.00,35789621487
malloc-large.ke,6283264,530235392,536928256,1.17,35800253414
malloc-large.ke,6631424,529887232,536928256,1.24,35800270343
malloc-large.ke,6156288,530362368,536928256,1.15,35800275243
malloc-large.ke,6524928,529993728,536928256,1.22,35800290976
malloc-large.ke,6012928,530505728,536928256,1.12,35800295968
malloc-large.ke,6213632,530305024,536928256,1.16,35800302210
malloc-large.ke,5885952,530632704,536928256,1.10,35800304788
malloc-large.ke,6279168,530239488,536928256,1.17,35800313368
malloc-large.ke,6127616,530391040,536928256,1.14,35800315355
malloc-large.ke,6467584,530051072,536928256,1.20,35800327054
malloc-large.ke,6049792,530468864,536928256,1.13,35800329473
malloc-large.ke,6316032,530202624,536928256,1.18,35800339146
malloc-large.ke,5976064,530542592,536928256,1.11,35800341571
malloc-large.ke,6295552,530223104,536928256,1.17,35800353799
malloc-large.ke,6123520,530395136,536928256,1.14,35800356098
malloc-large.ke,6291456,530227200,536928256,0.00,35800360928
malloc-large.ke,5943296,530575360,536928256,1.11,35811141708
malloc-large.ke,6295552,530223104,536928256,1.17,35811151071
malloc-large.ke,6131712,530386944,536928256,1.14,35811152831
malloc-large.ke,6426624,530092032,536928256,1.20,35811164753
malloc-large.ke,6045696,530472960,536928256,1.13,35811167849
malloc-large.ke,6221824,530296832,536928256,1.16,35811172011
malloc-large.ke,5955584,530563072,536928256,1.11,35811173761
malloc-large.ke,6205440,530313216,536928256,1.16,35811182854
malloc-large.ke,5853184,530665472,536928256,1.09,35811185846
malloc-large.ke,6234112,530284544,536928256,1.16,35811196290
malloc-large.ke,5951488,530567168,536928256,1.11,35811198682
malloc-large.ke,6111232,530407424,536928256,1.14,35811202456
malloc-large.ke,5799936,530718720,536928256,1.08,35811204175
malloc-large.ke,6139904,530378752,536928256,1.14,35811211512
malloc-large.ke,5971968,530546688,536928256,1.11,35811213043
malloc-large.ke,6291456,530227200,536928256,0.00,35811222245
malloc-large.ke,5988352,530530304,536928256,1.12,35821506870
malloc-large.ke,6475776,530042880,536928256,1.21,35821523095
malloc-large.ke,6180864,530337792,536928256,1.15,35821526192
malloc-large.ke,6500352,530018304,536928256,1.21,35821535632
malloc-large.ke,6012928,530505728,536928256,1.12,35821539546
malloc-large.ke,6176768,530341888,536928256,1.15,35821545388
malloc-large.ke,5836800,530681856,536928256,1.09,35821548157
malloc-large.ke,6078464,530440192,536928256,1.13,35821554238
malloc-large.ke,5758976,530759680,536928256,1.07,35821555924
malloc-large.ke,5992448,530526208,536928256,1.12,35821561861
malloc-large.ke,5742592,530776064,536928256,1.07,35821563485
malloc-large.ke,6004736,530513920,536928256,1.12,35821570473
malloc-large.ke,5685248,530833408,536928256,1.06,35821572274
malloc-large.ke,6197248,530321408,536928256,1.15,35821582973
malloc-large.ke,5705728,530812928,536928256,1.06,35821585231
malloc-large.ke,6180864,530337792,536928256,0.00,35821595302
malloc-large.ke,5812224,530706432,536928256,1.08,35832479942
malloc-large.ke,6291456,530227200,536928256,1.17,35832494287
malloc-large.ke,5816320,530702336,536928256,1.08,35832497124
malloc-large.ke,6139904,530378752,536928256,1.14,35832507442
malloc-large.ke,5980160,530538496,536928256,1.11,35832509276
malloc-large.ke,6475776,530042880,536928256,1.21,35832521058
malloc-large.ke,6017024,530501632,536928256,1.12,35832523283
malloc-large.ke,6393856,530124800,536928256,1.19,35832534870
malloc-large.ke,6012928,530505728,536928256,1.12,35832536954
malloc-large.ke,6180864,530337792,536928256,1.15,35832542235
malloc-large.ke,5947392,530571264,536928256,1.11,35832543993
malloc-large.ke,6426624,530092032,536928256,1.20,35832557099
malloc-large.ke,6107136,530411520,536928256,1.14,35832559459
malloc-large.ke,6258688,530259968,536928256,1.17,35832564610
malloc-large.ke,5947392,530571264,536928256,1.11,35832566432
malloc-large.ke,6119424,530399232,536928256,0.00,35832573465
malloc-large.ke,5640192,530878464,536928256,1.05,35843329273
malloc-large.ke,6029312,530489344,536928256,1.12,35843352624
malloc-large.ke,5828608,530690048,536928256,1.09,35843356469
malloc-large.ke,6135808,530382848,536928256,1.14,35843373818
malloc-large.ke,5971968,530546688,536928256,1.11,35843377204
malloc-large.ke,6348800,530169856,536928256,1.18,35843392973
malloc-large.ke,6086656,530432000,536928256,1.13,35843395174
malloc-large.ke,6516736,530001920,536928256,1.21,35843409675
malloc-large.ke,6201344,530317312,536928256,1.15,35843412341
malloc-large.ke,6410240,530108416,536928256,1.19,35843418308
malloc-large.ke,6242304,530276352,536928256,1.16,35843420199
malloc-large.ke,6721536,529797120,536928256,1.25,35843437030
malloc-large.ke,6225920,530292736,536928256,1.16,35843440641
malloc-large.ke,6553600,529965056,536928256,1.22,35843450478
malloc-large.ke,6164480,530354176,536928256,1.15,35843453966
malloc-large.ke,6328320,530190336,536928256,0.00,35843460657
malloc-large.ke,6004736,530513920,536928256,1.12,35854422760
malloc-large.ke,6148096,530370560,536928256,1.15,35854426859
malloc-large.ke,5894144,530624512,536928256,1.10,35854428909
malloc-large.ke,6402048,530116608,536928256,1.19,35854440738
malloc-large.ke,6258688,530259968,536928256,1.17,35854442473
malloc-large.ke,6676480,529842176,536928256,1.24,35854455410
malloc-large.ke,6504448,530014208,536928256,1.21,35854459907
malloc-large.ke,6819840,529698816,536928256,1.27,35854474176
malloc-large.ke,6656000,529862656,536928256,1.24,35854478601
malloc-large.ke,6877184,529641472,536928256,1.28,35854486109
malloc-large.ke,6668288,529850368,536928256,1.24,35854487782
malloc-large.ke,7020544,529498112,536928256,1.31,35854494565
malloc-large.ke,6541312,529977344,536928256,1.22,35854498383
malloc-large.ke,7053312,529465344,536928256,1.31,35854517493
malloc-large.ke,6733824,529784832,536928256,1.25,35854522767
malloc-large.ke,7032832,529485824,536928256,1.31,35865007264
malloc-large.ke,6725632,529793024,536928256,1.25,35865009848
malloc-large.ke,7000064,529518592,536928256,1.30,35865019143
malloc-large.ke,6623232,529895424,536928256,1.23,35865021286
malloc-large.ke,6914048,529604608,536928256,1.29,35865031511
malloc-large.ke,6737920,529780736,536928256,1.25,35865033498
malloc-large.ke,7192576,529326080,536928256,1.34,35865047382
malloc-large.ke,6971392,529547264,536928256,1.30,35865049281
malloc-large.ke,7266304,529252352,536928256,1.35,35865057645
malloc-large.ke,6873088,529645568,536928256,1.28,35865062220
malloc-large.ke,7196672,529321984,536928256,1.34,35865072574
malloc-large.ke,6897664,529620992,536928256,1.28,35865076645
malloc-large.ke,7254016,529264640,536928256,1.35,35865087584
malloc-large.ke,6897664,529620992,536928256,1.28,35865089753
malloc-large.ke,7065600,529453056,536928256,1.32,35865095816
malloc-large.ke,6774784,529743872,536928256,1.26,35865098862
malloc-large.ke,7061504,529457152,536928256,1.32,35875455097
malloc-large.ke,6746112,529772544,536928256,1.26,35875458687
malloc-large.ke,6897664,529620992,536928256,1.28,35875463283
malloc-large.ke,6746112,529772544,536928256,1.26,35875465574
malloc-large.ke,7249920,529268736,536928256,1.35,35875478095
malloc-large.ke,6742016,529776640,536928256,1.26,35875481241
malloc-large.ke,7188480,529330176,536928256,1.34,35875505402
malloc-large.ke,6893568,529625088,536928256,1.28,35875507363
malloc-large.ke,7102464,529416192,536928256,1.32,35875511646
malloc-large.ke,6684672,529833984,536928256,1.24,35875513482
malloc-large.ke,7020544,529498112,536928256,1.31,35875521577
malloc-large.ke,6844416,529674240,536928256,1.27,35875523109
malloc-large.ke,7114752,529403904,536928256,1.33,35875528450
malloc-large.ke,6635520,529883136,536928256,1.24,35875530924
malloc-large.ke,7069696,529448960,536928256,1.32,35875542648
malloc-large.ke,6615040,529903616,536928256,1.23,35875545315
malloc-large.ke,6938624,529580032,536928256,1.29,35885996605
malloc-large.ke,6615040,529903616,536928256,1.23,35886001021
malloc-large.ke,6914048,529604608,536928256,1.29,35886007815
malloc-large.ke,6578176,529940480,536928256,1.23,35886009843
malloc-large.ke,7000064,529518592,536928256,1.30,35886019973
malloc-large.ke,6676480,529842176,536928256,1.24,35886021839
malloc-large.ke,6901760,529616896,536928256,1.29,35886026856
malloc-large.ke,6602752,529915904,536928256,1.23,35886028528
malloc-large.ke,6955008,529563648,536928256,1.30,35886038090
malloc-large.ke,6602752,529915904,536928256,1.23,35886040107
malloc-large.ke,7000064,529518592,536928256,1.30,35886047223
malloc-large.ke,6832128,529686528,536928256,1.27,35886048699
malloc-large.ke,7192576,529326080,536928256,1.34,35886059897
malloc-large.ke,6832128,529686528,536928256,1.27,35886062247
malloc-large.ke,7110656,529408000,536928256,1.32,35886069066
malloc-large.ke,6791168,529727488,536928256,1.26,35886071082
malloc-large.ke,7147520,529371136,536928256,1.33,35896959999
malloc-large.ke,6922240,529596416,536928256,1.29,35896962324
malloc-large.ke,7315456,529203200,536928256,1.36,35896970015
malloc-large.ke,7163904,529354752,536928256,1.33,35896971558
malloc-large.ke,7458816,529059840,536928256,1.39,35896981408
malloc-large.ke,7180288,529338368,536928256,1.34,35896983224
malloc-large.ke,7426048,529092608,536928256,1.38,35896989243
malloc-large.ke,6995968,529522688,536928256,1.30,35896991396
malloc-large.ke,7143424,529375232,536928256,1.33,35896995998
malloc-large.ke,6897664,529620992,536928256,1.28,35896997524
malloc-large.ke,7114752,529403904,536928256,1.33,35897003339
malloc-large.ke,6844416,529674240,536928256,1.27,35897005080
malloc-large.ke,7307264,529211392,536928256,1.36,35897017868
malloc-large.ke,7159808,529358848,536928256,1.33,35897020396
malloc-large.ke,7626752,528891904,536928256,1.42,35897032715
malloc-large.ke,7385088,529133568,536928256,1.38,35897034356
malloc-large.ke,7581696,528936960,536928256,1.41,35912117809
malloc-large.ke,7147520,529371136,536928256,1.33,35912121345
malloc-large.ke,7335936,529182720,536928256,1.37,35912127561
malloc-large.ke,6823936,529694720,536928256,1.27,35912130023
malloc-large.ke,7016448,529502208,536928256,1.31,35912135654
malloc-large.ke,6594560,529924096,536928256,1.23,35912139092
malloc-large.ke,6787072,529731584,536928256,1.26,35912144541
malloc-large.ke,6283264,530235392,536928256,1.17,35912147181
malloc-large.ke,6651904,529866752,536928256,1.24,35912156952
malloc-large.ke,6365184,530153472,536928256,1.19,35912158921
malloc-large.ke,6750208,529768448,536928256,1.26,35912169574
malloc-large.ke,6533120,529985536,536928256,1.22,35912171432
malloc-large.ke,6807552,529711104,536928256,1.27,35912178702
malloc-large.ke,6438912,530079744,536928256,1.20,35912180868
malloc-large.ke,6828032,529690624,536928256,1.27,35912191054
malloc-large.ke,6619136,529899520,536928256,1.23,35912192874
malloc-large.ke,6787072,529731584,536928256,1.26,35923752177
malloc-large.ke,6340608,530178048,536928256,1.18,35923754668
malloc-large.ke,6717440,529801216,536928256,1.25,35923763427
malloc-large.ke,6443008,530075648,536928256,1.20,35923765229
malloc-large.ke,6615040,529903616,536928256,1.23,35923770324
malloc-large.ke,6447104,530071552,536928256,1.20,35923771897
malloc-large.ke,6848512,529670144,536928256,1.28,35923782661
malloc-large.ke,6492160,530026496,536928256,1.21,35923784592
malloc-large.ke,7000064,529518592,536928256,1.30,35923799443
malloc-large.ke,6533120,529985536,536928256,1.22,35923802649
malloc-large.ke,6770688,529747968,536928256,1.26,35923808903
malloc-large.ke,6307840,530210816,536928256,1.17,35923811353
malloc-large.ke,6782976,529735680,536928256,1.26,35923824707
malloc-large.ke,6594560,529924096,536928256,1.23,35923826856
malloc-large.ke,7045120,529473536,536928256,1.31,35923840068
malloc-large.ke,6643712,529874944,536928256,0.00,35923842507
malloc-large.ke,6795264,529723392,536928256,1.27,35940293277
malloc-large.ke,6500352,530018304,536928256,1.21,35940298359
malloc-large.ke,6934528,529584128,536928256,1.29,35940316490
malloc-large.ke,6782976,529735680,536928256,1.26,35940320129
malloc-large.ke,7028736,529489920,536928256,1.31,35940327669
malloc-large.ke,6791168,529727488,536928256,1.26,35940330090
malloc-large.ke,7172096,529346560,536928256,1.34,35940340805
malloc-large.ke,6787072,529731584,536928256,1.26,35940343265
malloc-large.ke,7122944,529395712,536928256,1.33,35940354244
malloc-large.ke,6742016,529776640,536928256,1.26,35940356679
malloc-large.ke,6897664,529620992,536928256,1.28,35940361135
malloc-large.ke,6422528,530096128,536928256,1.20,35940363962
malloc-large.ke,6602752,529915904,536928256,1.23,35940370300
malloc-large.ke,6430720,530087936,536928256,1.20,35940372306
malloc-large.ke,6873088,529645568,536928256,1.28,35940385667
malloc-large.ke,6545408,529973248,536928256,0.00,35940388196
malloc-large.ke,6799360,529719296,536928256,1.27,35953917083
malloc-large.ke,6524928,529993728,536928256,1.22,35953919883
malloc-large.ke,6684672,529833984,536928256,1.24,35953925703
malloc-large.ke,6250496,530268160,536928256,1.16,35953930187
malloc-large.ke,6721536,529797120,536928256,1.25,35953948423
malloc-large.ke,6524928,529993728,536928256,1.22,35953950917
malloc-large.ke,6766592,529752064,536928256,1.26,35953956382
malloc-large.ke,6258688,530259968,536928256,1.17,35953959142
malloc-large.ke,6590464,529928192,536928256,1.23,35953967662
malloc-large.ke,6336512,530182144,536928256,1.18,35953969781
malloc-large.ke,6832128,529686528,536928256,1.27,35953985158
malloc-large.ke,6586368,529932288,536928256,1.23,35953987156
malloc-large.ke,6885376,529633280,536928256,1.28,35953996632
malloc-large.ke,6705152,529813504,536928256,1.25,35953998601
malloc-large.ke,6909952,529608704,536928256,1.29,35954005183
malloc-large.ke,6533120,529985536,536928256,0.00,35954007642
malloc-large.ke,6979584,529539072,536928256,1.30,35964849468
malloc-large.ke,6508544,530010112,536928256,1.21,35964852973
malloc-large.ke,6840320,529678336,536928256,1.27,35964868322
malloc-large.ke,6447104,530071552,536928256,1.20,35964872497
malloc-large.ke,6934528,529584128,536928256,1.29,35964887708
malloc-large.ke,6447104,530071552,536928256,1.20,35964889991
malloc-large.ke,6656000,529862656,536928256,1.24,35964894842
malloc-large.ke,6160384,530358272,536928256,1.15,35964896987
malloc-large.ke,6471680,530046976,536928256,1.21,35964906610
malloc-large.ke,6279168,530239488,536928256,1.17,35964908161
malloc-large.ke,6455296,530063360,536928256,1.20,35964912315
malloc-large.ke,6057984,530460672,536928256,1.13,35964914453
malloc-large.ke,6508544,530010112,536928256,1.21,35964922350
malloc-large.ke,6197248,530321408,536928256,1.15,35964924292
malloc-large.ke,6598656,529920000,536928256,1.23,35964935462
malloc-large.ke,6266880,530251776,536928256,0.00,35964937341
malloc-large.ke,6737920,529780736,536928256,1.25,35975410858
malloc-large.ke,6545408,529973248,536928256,1.22,35975415707
malloc-large.ke,7049216,529469440,536928256,1.31,35975436063
malloc-large.ke,6750208,529768448,536928256,1.26,35975439820
malloc-large.ke,6955008,529563648,536928256,1.30,35975446857
malloc-large.ke,6750208,529768448,536928256,1.26,35975448901
malloc-large.ke,6885376,529633280,536928256,1.28,35975453907
malloc-large.ke,6533120,529985536,536928256,1.22,35975457155
malloc-large.ke,6750208,529768448,536928256,1.26,35975464163
malloc-large.ke,6508544,530010112,536928256,1.21,35975467036
malloc-large.ke,6725632,529793024,536928256,1.25,35975472482
malloc-large.ke,6508544,530010112,536928256,1.21,35975474426
malloc-large.ke,6963200,529555456,536928256,1.30,35975489177
malloc-large.ke,6492160,530026496,536928256,1.21,35975491968
malloc-large.ke,6881280,529637376,536928256,1.28,35975509508
malloc-large.ke,6426624,530092032,536928256,0.00,35975514159
malloc-large.ke,6922240,529596416,536928256,1.29,35985978229
malloc-large.ke,6418432,530100224,536928256,1.20,35985980776
malloc-large.ke,6561792,529956864,536928256,1.22,35985984903
malloc-large.ke,6385664,530132992,536928256,1.19,35985986321
malloc-large.ke,6524928,529993728,536928256,1.22,35985991672
malloc-large.ke,6078464,530440192,536928256,1.13,35985995160
malloc-large.ke,6586368,529932288,536928256,1.23,35986009060
malloc-large.ke,6074368,530444288,536928256,1.13,35986012511
malloc-large.ke,6578176,529940480,536928256,1.23,35986024415
malloc-large.ke,6422528,530096128,536928256,1.20,35986026427
malloc-large.ke,44310528,492208128,536928256,8.25,35986617177
malloc-large.ke,6422528,530096128,536928256,1.20,35986688579
malloc-large.ke,6848512,529670144,536928256,1.28,35986699677
malloc-large.ke,6631424,529887232,536928256,1.24,35986701480
malloc-large.ke,6848512,529670144,536928256,1.28,35986706177
malloc-large.ke,6352896,530165760,536928256,0.00,35986708347
malloc-large.ke,6512640,530006016,536928256,1.21,35997549324
malloc-large.ke,6111232,530407424,536928256,1.14,35997551458
malloc-large.ke,6316032,530202624,536928256,1.18,35997557383
malloc-large.ke,5984256,530534400,536928256,1.11,35997559910
malloc-large.ke,6262784,530255872,536928256,1.17,35997567576
malloc-large.ke,5873664,530644992,536928256,1.09,35997569663
malloc-large.ke,6066176,530452480,536928256,1.13,35997576280
malloc-large.ke,5640192,530878464,536928256,1.05,35997578663
malloc-large.ke,6148096,530370560,536928256,1.15,35997592594
malloc-large.ke,5988352,530530304,536928256,1.12,35997594868
malloc-large.ke,6426624,530092032,536928256,1.20,35997609903
malloc-large.ke,6037504,530481152,536928256,1.12,35997614455
malloc-large.ke,6283264,530235392,536928256,1.17,35997622562
malloc-large.ke,5775360,530743296,536928256,1.08,35997625365
malloc-large.ke,6217728,530300928,536928256,1.16,35997634454
malloc-large.ke,5713920,530804736,536928256,1.06,36008937262
malloc-large.ke,6168576,530350080,536928256,1.15,36008948902
malloc-large.ke,5963776,530554880,536928256,1.11,36008950709
malloc-large.ke,6418432,530100224,536928256,1.20,36008963384
malloc-large.ke,6213632,530305024,536928256,1.16,36008965392
malloc-large.ke,6356992,530161664,536928256,1.18,36008969161
malloc-large.ke,6148096,530370560,536928256,1.15,36008970780
malloc-large.ke,6602752,529915904,536928256,1.23,36008984196
malloc-large.ke,6160384,530358272,536928256,1.15,36008986756
malloc-large.ke,6651904,529866752,536928256,1.24,36009001385
malloc-large.ke,6209536,530309120,536928256,1.16,36009003925
malloc-large.ke,6586368,529932288,536928256,1.23,36009012546
malloc-large.ke,6250496,530268160,536928256,1.16,36009014881
malloc-large.ke,6635520,529883136,536928256,1.24,36009028241
malloc-large.ke,6184960,530333696,536928256,1.15,36009031075
malloc-large.ke,6660096,529858560,536928256,1.24,36009042890
malloc-large.ke,6184960,530333696,536928256,1.15,36020369338
malloc-large.ke,6447104,530071552,536928256,1.20,36020378456
malloc-large.ke,5992448,530526208,536928256,1.12,36020380615
malloc-large.ke,6377472,530141184,536928256,1.19,36020391233
malloc-large.ke,6131712,530386944,536928256,1.14,36020393031
malloc-large.ke,6598656,529920000,536928256,1.23,36020405948
malloc-large.ke,6144000,530374656,536928256,1.14,36020408215
malloc-large.ke,6557696,529960960,536928256,1.22,36020419808
malloc-large.ke,6422528,530096128,536928256,1.20,36020421387
malloc-large.ke,6725632,529793024,536928256,1.25,36020430678
malloc-large.ke,6447104,530071552,536928256,1.20,36020432497
malloc-large.ke,6725632,529793024,536928256,1.25,36020439588
malloc-large.ke,6586368,529932288,536928256,1.23,36020441143
malloc-large.ke,6795264,529723392,536928256,1.27,36020448580
malloc-large.ke,6328320,530190336,536928256,1.18,36020451187
malloc-large.ke,6791168,529727488,536928256,1.26,36020463392
malloc-large.ke,6512640,530006016,536928256,1.21,36031022546
malloc-large.ke,6803456,529715200,536928256,1.27,36031033656
malloc-large.ke,6426624,530092032,536928256,1.20,36031039694
malloc-large.ke,6881280,529637376,536928256,1.28,36031054402
malloc-large.ke,6664192,529854464,536928256,1.24,36031056920
malloc-large.ke,6852608,529666048,536928256,1.28,36031062454
malloc-large.ke,6475776,530042880,536928256,1.21,36031064421
malloc-large.ke,6909952,529608704,536928256,1.29,36031073167
malloc-large.ke,6418432,530100224,536928256,1.20,36031075282
malloc-large.ke,6713344,529805312,536928256,1.25,36031081327
malloc-large.ke,6418432,530100224,536928256,1.20,36031083258
malloc-large.ke,6672384,529846272,536928256,1.24,36031088848
malloc-large.ke,6287360,530231296,536928256,1.17,36031090627
malloc-large.ke,6496256,530022400,536928256,1.21,36031095831
malloc-large.ke,6062080,530456576,536928256,1.13,36031097798
malloc-large.ke,6250496,530268160,536928256,1.16,36031103076
malloc-large.ke,5865472,530653184,536928256,1.09,36041088983
malloc-large.ke,6316032,530202624,536928256,1.18,36041101169
malloc-large.ke,6172672,530345984,536928256,1.15,36041104184
malloc-large.ke,6365184,530153472,536928256,1.19,36041109433
malloc-large.ke,6156288,530362368,536928256,1.15,36041111009
malloc-large.ke,6393856,530124800,536928256,1.19,36041117416
malloc-large.ke,6234112,530284544,536928256,1.16,36041118806
malloc-large.ke,6610944,529907712,536928256,1.23,36041127631
malloc-large.ke,6422528,530096128,536928256,1.20,36041129475
malloc-large.ke,6787072,529731584,536928256,1.26,36041140245
malloc-large.ke,6598656,529920000,536928256,1.23,36041141910
malloc-large.ke,7098368,529420288,536928256,1.32,36041155354
malloc-large.ke,6647808,529870848,536928256,1.24,36041157400
malloc-large.ke,6971392,529547264,536928256,1.30,36041163590
malloc-large.ke,6733824,529784832,536928256,1.25,36041165251
malloc-large.ke,6889472,529629184,536928256,1.28,36041168584
malloc-large.ke,6512640,530006016,536928256,1.21,36053090776
malloc-large.ke,6844416,529674240,536928256,1.27,36053098771
malloc-large.ke,6635520,529883136,536928256,1.24,36053100624
malloc-large.ke,6922240,529596416,536928256,1.29,36053108044
malloc-large.ke,6598656,529920000,536928256,1.23,36053110433
malloc-large.ke,6746112,529772544,536928256,1.26,36053114280
malloc-large.ke,6307840,530210816,536928256,1.17,36053116436
malloc-large.ke,6787072,529731584,536928256,1.26,36053127903
malloc-large.ke,6500352,530018304,536928256,1.21,36053130423
malloc-large.ke,6680576,529838080,536928256,1.24,36053136094
malloc-large.ke,6230016,530288640,536928256,1.16,36053139311
malloc-large.ke,6500352,530018304,536928256,1.21,36053146743
malloc-large.ke,6037504,530481152,536928256,1.12,36053149307
malloc-large.ke,6176768,530341888,536928256,1.15,36053153274
malloc-large.ke,5763072,530755584,536928256,1.07,36053155424
malloc-large.ke,6066176,530452480,536928256,0.00,36053164479
malloc-large.ke,5763072,530755584,536928256,1.07,36065109161
malloc-large.ke,6197248,530321408,536928256,1.15,36065122766
malloc-large.ke,6004736,530513920,536928256,1.12,36065125215
malloc-large.ke,6303744,530214912,536928256,1.17,36065134615
malloc-large.ke,5849088,530669568,536928256,1.09,36065136869
malloc-large.ke,6029312,530489344,536928256,1.12,36065144795
malloc-large.ke,5521408,530997248,536928256,1.03,36065148441
malloc-large.ke,5959680,530558976,536928256,1.11,36065159635
malloc-large.ke,5705728,530812928,536928256,1.06,36065161538
malloc-large.ke,6172672,530345984,536928256,1.15,36065173636
malloc-large.ke,5693440,530825216,536928256,1.06,36065175911
malloc-large.ke,6029312,530489344,536928256,1.12,36065183877
malloc-large.ke,5697536,530821120,536928256,1.06,36065185886
malloc-large.ke,6086656,530432000,536928256,1.13,36065193672
malloc-large.ke,5906432,530612224,536928256,1.10,36065195368
malloc-large.ke,6115328,530403328,536928256,0.00,36065201864
malloc-large.ke,5971968,530546688,536928256,1.11,36075430753
malloc-large.ke,6279168,530239488,536928256,1.17,36075438794
malloc-large.ke,6139904,530378752,536928256,1.14,36075440640
malloc-large.ke,6504448,530014208,536928256,1.21,36075448701
malloc-large.ke,6139904,530378752,536928256,1.14,36075450443
malloc-large.ke,6631424,529887232,536928256,1.24,36075464532
malloc-large.ke,6422528,530096128,536928256,1.20,36075467876
malloc-large.ke,6889472,529629184,536928256,1.28,36075486362
malloc-large.ke,6696960,529821696,536928256,1.25,36075489335
malloc-large.ke,7114752,529403904,536928256,1.33,36075499182
malloc-large.ke,6778880,529739776,536928256,1.26,36075502069
malloc-large.ke,7008256,529510400,536928256,1.31,36075507835
malloc-large.ke,6643712,529874944,536928256,1.24,36075509742
malloc-large.ke,6795264,529723392,536928256,1.27,36075513309
malloc-large.ke,6647808,529870848,536928256,1.24,36075514800
malloc-large.ke,6963200,529555456,536928256,0.00,36075521562
malloc-large.ke,6664192,529854464,536928256,1.24,36085997636
malloc-large.ke,7069696,529448960,536928256,1.32,36086008343
malloc-large.ke,6766592,529752064,536928256,1.26,36086010175
malloc-large.ke,6905856,529612800,536928256,1.29,36086014081
malloc-large.ke,6471680,530046976,536928256,1.21,36086016510
malloc-large.ke,6811648,529707008,536928256,1.27,36086026883
malloc-large.ke,6660096,529858560,536928256,1.24,36086029380
malloc-large.ke,7139328,529379328,536928256,1.33,36086041162
malloc-large.ke,6983680,529534976,536928256,1.30,36086042882
malloc-large.ke,7335936,529182720,536928256,1.37,36086051452
malloc-large.ke,6930432,529588224,536928256,1.29,36086053507
malloc-large.ke,7077888,529440768,536928256,1.32,36086057389
malloc-large.ke,6660096,529858560,536928256,1.24,36086059676
malloc-large.ke,7122944,529395712,536928256,1.33,36086071151
malloc-large.ke,6832128,529686528,536928256,1.27,36086073272
malloc-large.ke,7192576,529326080,536928256,0.00,36086082684
malloc-large.ke,6692864,529825792,536928256,1.25,36096137968
malloc-large.ke,6868992,529649664,536928256,1.28,36096142390
malloc-large.ke,6389760,530128896,536928256,1.19,36096144598
malloc-large.ke,6893568,529625088,536928256,1.28,36096156928
malloc-large.ke,6438912,530079744,536928256,1.20,36096160496
malloc-large.ke,6602752,529915904,536928256,1.23,36096173038
malloc-large.ke,6287360,530231296,536928256,1.17,36096175741
malloc-large.ke,6447104,530071552,536928256,1.20,36096179418
malloc-large.ke,6057984,530460672,536928256,1.13,36096181230
malloc-large.ke,6307840,530210816,536928256,1.17,36096186073
malloc-large.ke,5816320,530702336,536928256,1.08,36096188140
malloc-large.ke,6066176,530452480,536928256,1.13,36096192864
malloc-large.ke,5705728,530812928,536928256,1.06,36096194810
malloc-large.ke,5844992,530673664,536928256,1.09,36096198353
malloc-large.ke,5615616,530903040,536928256,1.05,36096199841
malloc-large.ke,5844992,530673664,536928256,0.00,36096205346
malloc-large.ke,5595136,530923520,536928256,1.04,36106588277
malloc-large.ke,5894144,530624512,536928256,1.10,36106599629
malloc-large.ke,5746688,530771968,536928256,1.07,36106601662
malloc-large.ke,6144000,530374656,536928256,1.14,36106614690
malloc-large.ke,5873664,530644992,536928256,1.09,36106617509
malloc-large.ke,6139904,530378752,536928256,1.14,36106631163
malloc-large.ke,5890048,530628608,536928256,1.10,36106634049
malloc-large.ke,6316032,530202624,536928256,1.18,36106643337
malloc-large.ke,5976064,530542592,536928256,1.11,36106645708
malloc-large.ke,6488064,530030592,536928256,1.21,36106661151
malloc-large.ke,6307840,530210816,536928256,1.17,36106663153
malloc-large.ke,6717440,529801216,536928256,1.25,36106673332
malloc-large.ke,6541312,529977344,536928256,1.22,36106675406
malloc-large.ke,6914048,529604608,536928256,1.29,36106684030
malloc-large.ke,6774784,529743872,536928256,1.26,36106686004
malloc-large.ke,6983680,529534976,536928256,0.00,36106691790
malloc-large.ke,6520832,529997824,536928256,1.21,36117380245
malloc-large.ke,6860800,529657856,536928256,1.28,36117389178
malloc-large.ke,6631424,529887232,536928256,1.24,36117391013
malloc-large.ke,6995968,529522688,536928256,1.30,36117399473
malloc-large.ke,6483968,530034688,536928256,1.21,36117401922
malloc-large.ke,6717440,529801216,536928256,1.25,36117409037
malloc-large.ke,6508544,530010112,536928256,1.21,36117410829
malloc-large.ke,6750208,529768448,536928256,1.26,36117420974
malloc-large.ke,6283264,530235392,536928256,1.17,36117423315
malloc-large.ke,6766592,529752064,536928256,1.26,36117437161
malloc-large.ke,6369280,530149376,536928256,1.19,36117439354
malloc-large.ke,6590464,529928192,536928256,1.23,36117448741
malloc-large.ke,6086656,530432000,536928256,1.13,36117451139
malloc-large.ke,6492160,530026496,536928256,1.21,36117462311
malloc-large.ke,6352896,530165760,536928256,1.18,36117463986
malloc-large.ke,6701056,529817600,536928256,0.00,36117475545
malloc-large.ke,6438912,530079744,536928256,1.20,36127639674
malloc-large.ke,6696960,529821696,536928256,1.25,36127647270
malloc-large.ke,6397952,530120704,536928256,1.19,36127649107
malloc-large.ke,6537216,529981440,536928256,1.22,36127652168
malloc-large.ke,6189056,530329600,536928256,1.15,36127654181
malloc-large.ke,6537216,529981440,536928256,1.22,36127666299
malloc-large.ke,6053888,530464768,536928256,1.13,36127668628
malloc-large.ke,6205440,530313216,536928256,1.16,36127672396
malloc-large.ke,5947392,530571264,536928256,1.11,36127674002
malloc-large.ke,6459392,530059264,536928256,1.20,36127688223
malloc-large.ke,6320128,530198528,536928256,1.18,36127690233
malloc-large.ke,6565888,529952768,536928256,1.22,36127703310
malloc-large.ke,6299648,530219008,536928256,1.17,36127706919
malloc-large.ke,6643712,529874944,536928256,1.24,36127730507
malloc-large.ke,6402048,530116608,536928256,1.19,36127734504
malloc-large.ke,6864896,529653760,536928256,0.00,36127755541
malloc-large.ke,6643712,529874944,536928256,1.24,36138664682
malloc-large.ke,23683072,512835584,536928256,4.41,36138920931
malloc-large.ke,23523328,512995328,536928256,4.38,36138923306
malloc-large.ke,23916544,512602112,536928256,4.45,36138937097
malloc-large.ke,23764992,512753664,536928256,4.43,36138939128
malloc-large.ke,24039424,512479232,536928256,4.48,36138944318
malloc-large.ke,7000064,529518592,536928256,1.30,36138978092
malloc-large.ke,7352320,529166336,536928256,1.37,36138990475
malloc-large.ke,6889472,529629184,536928256,1.28,36138993017
malloc-large.ke,7061504,529457152,536928256,1.32,36138998017
malloc-large.ke,6651904,529866752,536928256,1.24,36139000110
malloc-large.ke,7163904,529354752,536928256,1.33,36139013517
malloc-large.ke,6889472,529629184,536928256,1.28,36139015704
malloc-large.ke,7397376,529121280,536928256,1.38,36139029967
malloc-large.ke,7233536,529285120,536928256,1.35,36139031655
malloc-large.ke,7380992,529137664,536928256,1.37,36149819467
malloc-large.ke,6873088,529645568,536928256,1.28,36149822802
malloc-large.ke,7319552,529199104,536928256,1.36,36149839241
malloc-large.ke,6946816,529571840,536928256,1.29,36149842032
malloc-large.ke,7168000,529350656,536928256,1.34,36149848156
malloc-large.ke,6819840,529698816,536928256,1.27,36149850521
malloc-large.ke,7143424,529375232,536928256,1.33,36149858657
malloc-large.ke,6836224,529682432,536928256,1.27,36149861130
malloc-large.ke,7032832,529485824,536928256,1.31,36149868062
malloc-large.ke,6688768,529829888,536928256,1.25,36149871943
malloc-large.ke,7180288,529338368,536928256,1.34,36149896522
malloc-large.ke,6934528,529584128,536928256,1.29,36149899753
malloc-large.ke,7434240,529084416,536928256,1.38,36149916227
malloc-large.ke,6922240,529596416,536928256,1.29,36149918971
malloc-large.ke,7413760,529104896,536928256,1.38,36149932773
malloc-large.ke,7008256,529510400,536928256,1.31,36149935736
malloc-large.ke,7495680,529022976,536928256,1.40,36161606238
malloc-large.ke,7143424,529375232,536928256,1.33,36161608975
malloc-large.ke,7475200,529043456,536928256,1.39,36161616617
malloc-large.ke,7028736,529489920,536928256,1.31,36161619263
malloc-large.ke,7348224,529170432,536928256,1.37,36161627143
malloc-large.ke,7127040,529391616,536928256,1.33,36161628828
malloc-large.ke,7491584,529027072,536928256,1.40,36161639145
malloc-large.ke,7258112,529260544,536928256,1.35,36161641236
malloc-large.ke,7516160,529002496,536928256,1.40,36161648979
malloc-large.ke,7258112,529260544,536928256,1.35,36161650681
malloc-large.ke,7524352,528994304,536928256,1.40,36161659042
malloc-large.ke,7258112,529260544,536928256,1.35,36161661042
malloc-large.ke,7553024,528965632,536928256,1.41,36161669679
malloc-large.ke,7221248,529297408,536928256,1.34,36161671589
malloc-large.ke,7389184,529129472,536928256,1.38,36161675913
malloc-large.ke,7069696,529448960,536928256,1.32,36161678122
malloc-large.ke,7467008,529051648,536928256,1.39,36171819509
malloc-large.ke,7000064,529518592,536928256,1.30,36171822006
malloc-large.ke,7421952,529096704,536928256,1.38,36171831988
malloc-large.ke,7028736,529489920,536928256,1.31,36171833841
malloc-large.ke,7483392,529035264,536928256,1.39,36171845221
malloc-large.ke,6995968,529522688,536928256,1.30,36171847256
malloc-large.ke,7323648,529195008,536928256,1.36,36171855097
malloc-large.ke,6832128,529686528,536928256,1.27,36171857291
malloc-large.ke,7061504,529457152,536928256,1.32,36171863553
malloc-large.ke,6549504,529969152,536928256,1.22,36171865672
malloc-large.ke,7016448,529502208,536928256,1.31,36171875755
malloc-large.ke,6524928,529993728,536928256,1.22,36171877810
malloc-large.ke,6823936,529694720,536928256,1.27,36171887519
malloc-large.ke,6676480,529842176,536928256,1.24,36171889669
malloc-large.ke,6930432,529588224,536928256,1.29,36171898935
malloc-large.ke,6606848,529911808,536928256,1.23,36171902048
malloc-large.ke,6823936,529694720,536928256,1.27,36181798185
malloc-large.ke,6651904,529866752,536928256,1.24,36181800481
malloc-large.ke,6909952,529608704,536928256,1.29,36181807193
malloc-large.ke,6443008,530075648,536928256,1.20,36181809067
malloc-large.ke,6590464,529928192,536928256,1.23,36181812880
malloc-large.ke,6361088,530157568,536928256,1.18,36181814575
malloc-large.ke,6651904,529866752,536928256,1.24,36181822692
malloc-large.ke,6324224,530194432,536928256,1.18,36181824429
malloc-large.ke,6475776,530042880,536928256,1.21,36181828686
malloc-large.ke,6180864,530337792,536928256,1.15,36181830472
malloc-large.ke,6680576,529838080,536928256,1.24,36181842631
malloc-large.ke,6340608,530178048,536928256,1.18,36181844482
malloc-large.ke,6516736,530001920,536928256,1.21,36181849653
malloc-large.ke,6258688,530259968,536928256,1.17,36181851502
malloc-large.ke,6418432,530100224,536928256,1.20,36181855904
malloc-large.ke,6266880,530251776,536928256,0.00,36181857523
malloc-large.ke,6455296,530063360,536928256,1.20,36192035762
malloc-large.ke,6307840,530210816,536928256,1.17,36192037809
malloc-large.ke,6660096,529858560,536928256,1.24,36192045604
malloc-large.ke,6262784,530255872,536928256,1.17,36192048303
malloc-large.ke,6725632,529793024,536928256,1.25,36192060777
malloc-large.ke,6426624,530092032,536928256,1.20,36192063425
malloc-large.ke,6823936,529694720,536928256,1.27,36192073455
malloc-large.ke,6647808,529870848,536928256,1.24,36192075370
malloc-large.ke,6782976,529735680,536928256,1.26,36192079020
malloc-large.ke,6492160,530026496,536928256,1.21,36192080724
malloc-large.ke,6909952,529608704,536928256,1.29,36192090962
malloc-large.ke,6774784,529743872,536928256,1.26,36192092400
malloc-large.ke,7245824,529272832,536928256,1.35,36192105141
malloc-large.ke,7086080,529432576,536928256,1.32,36192107457
malloc-large.ke,7356416,529162240,536928256,1.37,36192113571
malloc-large.ke,7004160,529514496,536928256,0.00,36192115332
malloc-large.ke,7200768,529317888,536928256,1.34,36203004425
malloc-large.ke,7032832,529485824,536928256,1.31,36203006348
malloc-large.ke,7290880,529227776,536928256,1.36,36203012766
malloc-large.ke,6791168,529727488,536928256,1.26,36203014992
malloc-large.ke,7286784,529231872,536928256,1.36,36203027151
malloc-large.ke,6922240,529596416,536928256,1.29,36203029255
malloc-large.ke,7200768,529317888,536928256,1.34,36203036856
malloc-large.ke,6836224,529682432,536928256,1.27,36203038952
malloc-large.ke,7147520,529371136,536928256,1.33,36203046460
malloc-large.ke,6950912,529567744,536928256,1.29,36203048441
malloc-large.ke,7131136,529387520,536928256,1.33,36203053396
malloc-large.ke,6852608,529666048,536928256,1.28,36203055008
malloc-large.ke,7163904,529354752,536928256,1.33,36203062790
malloc-large.ke,6967296,529551360,536928256,1.30,36203065063
malloc-large.ke,7163904,529354752,536928256,1.33,36203072786
malloc-large.ke,6983680,529534976,536928256,0.00,36203074629
malloc-large.ke,7319552,529199104,536928256,1.36,36214730908
malloc-large.ke,7061504,529457152,536928256,1.32,36214733502
malloc-large.ke,7340032,529178624,536928256,1.37,36214741378
malloc-large.ke,7061504,529457152,536928256,1.32,36214743986
malloc-large.ke,7487488,529031168,536928256,1.39,36214761140
malloc-large.ke,7299072,529219584,536928256,1.36,36214763485
malloc-large.ke,7589888,528928768,536928256,1.41,36214771046
malloc-large.ke,7168000,529350656,536928256,1.34,36214773856
malloc-large.ke,7577600,528941056,536928256,1.41,36214787651
malloc-large.ke,7151616,529367040,536928256,1.33,36214792154
malloc-large.ke,7524352,528994304,536928256,1.40,36214803736
malloc-large.ke,7069696,529448960,536928256,1.32,36214806947
malloc-large.ke,7569408,528949248,536928256,1.41,36214821257
malloc-large.ke,7233536,529285120,536928256,1.35,36214823644
malloc-large.ke,7528448,528990208,536928256,1.40,36214832683
malloc-large.ke,7331840,529186816,536928256,0.00,36214834572
malloc-large.ke,7606272,528912384,536928256,1.42,36225164114
malloc-large.ke,7389184,529129472,536928256,1.38,36225166114
malloc-large.ke,7839744,528678912,536928256,1.46,36225174328
malloc-large.ke,7544832,528973824,536928256,1.41,36225176072
malloc-large.ke,7950336,528568320,536928256,1.48,36225185803
malloc-large.ke,7540736,528977920,536928256,1.40,36225187968
malloc-large.ke,7892992,528625664,536928256,1.47,36225203398
malloc-large.ke,7618560,528900096,536928256,1.42,36225205898
malloc-large.ke,7892992,528625664,536928256,1.47,36225214103
malloc-large.ke,7540736,528977920,536928256,1.40,36225215951
malloc-large.ke,7954432,528564224,536928256,1.48,36225226273
malloc-large.ke,7700480,528818176,536928256,1.43,36225227986
malloc-large.ke,8118272,528400384,536928256,1.51,36225240202
malloc-large.ke,7700480,528818176,536928256,1.43,36225242463
malloc-large.ke,8044544,528474112,536928256,1.50,36225251609
malloc-large.ke,7548928,528969728,536928256,0.00,36225253896
malloc-large.ke,7766016,528752640,536928256,1.45,36235634547
malloc-large.ke,7393280,529125376,536928256,1.38,36235636666
malloc-large.ke,7770112,528748544,536928256,1.45,36235643820
malloc-large.ke,7393280,529125376,536928256,1.38,36235646055
malloc-large.ke,7720960,528797696,536928256,1.44,36235652039
malloc-large.ke,7376896,529141760,536928256,1.37,36235653827
malloc-large.ke,7835648,528683008,536928256,1.46,36235666457
malloc-large.ke,7372800,529145856,536928256,1.37,36235668673
malloc-large.ke,7655424,528863232,536928256,1.43,36235676856
malloc-large.ke,7258112,529260544,536928256,1.35,36235679001
malloc-large.ke,7598080,528920576,536928256,1.42,36235686980
malloc-large.ke,7139328,529379328,536928256,1.33,36235688974
malloc-large.ke,7331840,529186816,536928256,1.37,36235694738
malloc-large.ke,6914048,529604608,536928256,1.29,36235696777
malloc-large.ke,7200768,529317888,536928256,1.34,36235705663
malloc-large.ke,6889472,529629184,536928256,0.00,36235707675
malloc-large.ke,7254016,529264640,536928256,1.35,36249642754
malloc-large.ke,6840320,529678336,536928256,1.27,36249645369
malloc-large.ke,7069696,529448960,536928256,1.32,36249672979
malloc-large.ke,6787072,529731584,536928256,1.26,36249677624
malloc-large.ke,7196672,529321984,536928256,1.34,36249697884
malloc-large.ke,6868992,529649664,536928256,1.28,36249702572
malloc-large.ke,7184384,529334272,536928256,1.34,36249712861
malloc-large.ke,6893568,529625088,536928256,1.28,36249715115
malloc-large.ke,7090176,529428480,536928256,1.32,36249720021
malloc-large.ke,6774784,529743872,536928256,1.26,36249723451
malloc-large.ke,7184384,529334272,536928256,1.34,36249737358
malloc-large.ke,6758400,529760256,536928256,1.26,36249740474
malloc-large.ke,7028736,529489920,536928256,1.31,36249747398
malloc-large.ke,6799360,529719296,536928256,1.27,36249749534
malloc-large.ke,7159808,529358848,536928256,1.33,36249762093
malloc-large.ke,6885376,529633280,536928256,0.00,36249764844
malloc-large.ke,7131136,529387520,536928256,1.33,36262607061
malloc-large.ke,6725632,529793024,536928256,1.25,36262609598
malloc-large.ke,7147520,529371136,536928256,1.33,36262621752
malloc-large.ke,6696960,529821696,536928256,1.25,36262624767
malloc-large.ke,7172096,529346560,536928256,1.34,36262635656
malloc-large.ke,6832128,529686528,536928256,1.27,36262638392
malloc-large.ke,7131136,529387520,536928256,1.33,36262647978
malloc-large.ke,6819840,529698816,536928256,1.27,36262650359
malloc-large.ke,7143424,529375232,536928256,1.33,36262659980
malloc-large.ke,6873088,529645568,536928256,1.28,36262662047
malloc-large.ke,7225344,529293312,536928256,1.35,36262675389
malloc-large.ke,6979584,529539072,536928256,1.30,36262677369
malloc-large.ke,7335936,529182720,536928256,1.37,36262690210
malloc-large.ke,7139328,529379328,536928256,1.33,36262692082
malloc-large.ke,7430144,529088512,536928256,1.38,36262699188
malloc-large.ke,7008256,529510400,536928256,0.00,36262701562
malloc-large.ke,7483392,529035264,536928256,1.39,36277608961
malloc-large.ke,6983680,529534976,536928256,1.30,36277613594
malloc-large.ke,7405568,529113088,536928256,1.38,36277625306
malloc-large.ke,7188480,529330176,536928256,1.34,36277627081
malloc-large.ke,7348224,529170432,536928256,1.37,36277630720
malloc-large.ke,6877184,529641472,536928256,1.28,36277632877
malloc-large.ke,7282688,529235968,536928256,1.36,36277644013
malloc-large.ke,6983680,529534976,536928256,1.30,36277646090
malloc-large.ke,7471104,529047552,536928256,1.39,36277660132
malloc-large.ke,7110656,529408000,536928256,1.32,36277662549
malloc-large.ke,7614464,528904192,536928256,1.42,36277678590
malloc-large.ke,7192576,529326080,536928256,1.34,36277680957
malloc-large.ke,30130176,506388480,536928256,5.61,36278077284
malloc-large.ke,29777920,506740736,536928256,5.55,36278080222
malloc-large.ke,30068736,506449920,536928256,5.60,36278089126
malloc-large.ke,29777920,506740736,536928256,5.55,36289703251
malloc-large.ke,30175232,506343424,536928256,5.62,36289713003
malloc-large.ke,29675520,506843136,536928256,5.53,36289716293
malloc-large.ke,29900800,506617856,536928256,5.57,36289722878
malloc-large.ke,29577216,506941440,536928256,5.51,36289725163
malloc-large.ke,29868032,506650624,536928256,5.56,36289732877
malloc-large.ke,29515776,507002880,536928256,5.50,36289735215
malloc-large.ke,40624128,495894528,536928256,7.57,36289938732
malloc-large.ke,40337408,496181248,536928256,7.51,36289942088
malloc-large.ke,40611840,495906816,536928256,7.56,36289949296
malloc-large.ke,40419328,496099328,536928256,7.53,36289950881
malloc-large.ke,40693760,495824896,536928256,7.58,36289959323
malloc-large.ke,40284160,496234496,536928256,7.50,36289961595
malloc-large.ke,40607744,495910912,536928256,7.56,36289970126
malloc-large.ke,40337408,496181248,536928256,7.51,36289971957
malloc-large.ke,40804352,495714304,536928256,0.00,36289982935
malloc-large.ke,40579072,495939584,536928256,7.56,36301346418
malloc-large.ke,40816640,495702016,536928256,7.60,36301352183
malloc-large.ke,40452096,496066560,536928256,7.53,36301354484
malloc-large.ke,40738816,495779840,536928256,7.59,36301361968
malloc-large.ke,40464384,496054272,536928256,7.54,36301363994
malloc-large.ke,40882176,495636480,536928256,7.61,36301373613
malloc-large.ke,40484864,496033792,536928256,7.54,36301375882
malloc-large.ke,40620032,495898624,536928256,7.57,36301380335
malloc-large.ke,40329216,496189440,536928256,7.51,36301382379
malloc-large.ke,40792064,495726592,536928256,7.60,36301392972
malloc-large.ke,40353792,496164864,536928256,7.52,36301395321
malloc-large.ke,40767488,495751168,536928256,7.59,36301404051
malloc-large.ke,40292352,496226304,536928256,7.50,36301406641
malloc-large.ke,40497152,496021504,536928256,7.54,36301414444
malloc-large.ke,40087552,496431104,536928256,7.47,36301417203
malloc-large.ke,40431616,496087040,536928256,0.00,36301429358
malloc-large.ke,40194048,496324608,536928256,7.49,36313050871
malloc-large.ke,40542208,495976448,536928256,7.55,36313062147
malloc-large.ke,17604608,518914048,536928256,3.28,36313115106
malloc-large.ke,17985536,518533120,536928256,3.35,36313129775
malloc-large.ke,17567744,518950912,536928256,3.27,36313134704
malloc-large.ke,17981440,518537216,536928256,3.35,36313145857
malloc-large.ke,17514496,519004160,536928256,3.26,36313148648
malloc-large.ke,17772544,518746112,536928256,3.31,36313154980
malloc-large.ke,17416192,519102464,536928256,3.24,36313157265
malloc-large.ke,17752064,518766592,536928256,3.31,36313167287
malloc-large.ke,17264640,519254016,536928256,3.22,36313169679
malloc-large.ke,17543168,518975488,536928256,3.27,36313177505
malloc-large.ke,17068032,519450624,536928256,3.18,36313180494
malloc-large.ke,54743040,481775616,536928256,10.20,36313845722
malloc-large.ke,54329344,482189312,536928256,10.12,36313849173
malloc-large.ke,54583296,481935360,536928256,0.00,36313856063
malloc-large.ke,54202368,482316288,536928256,10.09,36324489382
malloc-large.ke,54542336,481976320,536928256,10.16,36324503360
malloc-large.ke,54382592,482136064,536928256,10.13,36324506390
malloc-large.ke,54747136,481771520,536928256,10.20,36324514091
malloc-large.ke,54542336,481976320,536928256,10.16,36324515818
malloc-large.ke,54763520,481755136,536928256,10.20,36324522501
malloc-large.ke,54415360,482103296,536928256,10.13,36324524500
malloc-large.ke,54677504,481841152,536928256,10.18,36324532915
malloc-large.ke,54337536,482181120,536928256,10.12,36324535386
malloc-large.ke,54812672,481705984,536928256,10.21,36324546560
malloc-large.ke,54521856,481996800,536928256,10.15,36324548830
malloc-large.ke,54771712,481746944,536928256,10.20,36324555231
malloc-large.ke,54636544,481882112,536928256,10.18,36324556678
malloc-large.ke,55148544,481370112,536928256,10.27,36324573977
malloc-large.ke,54636544,481882112,536928256,10.18,36324576515
malloc-large.ke,55017472,481501184,536928256,10.25,36335802507
malloc-large.ke,54759424,481759232,536928256,10.20,36335805030
malloc-large.ke,54898688,481619968,536928256,10.22,36335811591
malloc-large.ke,54517760,482000896,536928256,10.15,36335814330
malloc-large.ke,54665216,481853440,536928256,10.18,36335818501
malloc-large.ke,54161408,482357248,536928256,10.09,36335820667
malloc-large.ke,54599680,481918976,536928256,10.17,36335832581
malloc-large.ke,54345728,482172928,536928256,10.12,36335835025
malloc-large.ke,54747136,481771520,536928256,10.20,36335846291
malloc-large.ke,54333440,482185216,536928256,10.12,36335848397
malloc-large.ke,54501376,482017280,536928256,10.15,36335852298
malloc-large.ke,54251520,482267136,536928256,10.10,36335854134
malloc-large.ke,54763520,481755136,536928256,10.20,36335869124
malloc-large.ke,54419456,482099200,536928256,10.14,36335871421
malloc-large.ke,54661120,481857536,536928256,10.18,36335878103
malloc-large.ke,43552768,492965888,536928256,0.00,36335899376
malloc-large.ke,43773952,492744704,536928256,8.15,36345770659
malloc-large.ke,43372544,493146112,536928256,8.08,36345772667
malloc-large.ke,43593728,492924928,536928256,8.12,36345778117
malloc-large.ke,43229184,493289472,536928256,8.05,36345780024
malloc-large.ke,43388928,493129728,536928256,8.08,36345783517
malloc-large.ke,43126784,493391872,536928256,8.03,36345785172
malloc-large.ke,43544576,492974080,536928256,8.11,36345794453
malloc-large.ke,43266048,493252608,536928256,8.06,36345796144
malloc-large.ke,43638784,492879872,536928256,8.13,36345804274
malloc-large.ke,43220992,493297664,536928256,8.05,36345806342
malloc-large.ke,43720704,492797952,536928256,8.14,36345820214
malloc-large.ke,43257856,493260800,536928256,8.06,36345822645
malloc-large.ke,43556864,492961792,536928256,8.11,36345830320
malloc-large.ke,43282432,493236224,536928256,8.06,36345832426
malloc-large.ke,43458560,493060096,536928256,8.09,36345837019
malloc-large.ke,43298816,493219840,536928256,0.00,36345838652
malloc-large.ke,43638784,492879872,536928256,8.13,36355980116
malloc-large.ke,43417600,493101056,536928256,8.09,36355982569
malloc-large.ke,43704320,492814336,536928256,8.14,36355990386
malloc-large.ke,43380736,493137920,536928256,8.08,36355992124
malloc-large.ke,43671552,492847104,536928256,8.13,36356003098
malloc-large.ke,43159552,493359104,536928256,8.04,36356005741
malloc-large.ke,43646976,492871680,536928256,8.13,36356017628
malloc-large.ke,43147264,493371392,536928256,8.04,36356020282
malloc-large.ke,43646976,492871680,536928256,8.13,36356031981
malloc-large.ke,43208704,493309952,536928256,8.05,36356034588
malloc-large.ke,43503616,493015040,536928256,8.10,36356043293
malloc-large.ke,43282432,493236224,536928256,8.06,36356045121
malloc-large.ke,43479040,493039616,536928256,8.10,36356052094
malloc-large.ke,43257856,493260800,536928256,8.06,36356054359
malloc-large.ke,43589632,492929024,536928256,8.12,36356062535
malloc-large.ke,43450368,493068288,536928256,0.00,36356064368
malloc-large.ke,43593728,492924928,536928256,8.12,36366334388
malloc-large.ke,43106304,493412352,536928256,8.03,36366336612
malloc-large.ke,43352064,493166592,536928256,8.07,36366344860
malloc-large.ke,42979328,493539328,536928256,8.00,36366346744
malloc-large.ke,43327488,493191168,536928256,8.07,36366356833
malloc-large.ke,42995712,493522944,536928256,8.01,36366359573
malloc-large.ke,43200512,493318144,536928256,8.05,36366365247
malloc-large.ke,42954752,493563904,536928256,8.00,36366366955
malloc-large.ke,43298816,493219840,536928256,8.06,36366375777
malloc-large.ke,43057152,493461504,536928256,8.02,36366377767
malloc-large.ke,43560960,492957696,536928256,8.11,36366392282
malloc-large.ke,43384832,493133824,536928256,8.08,36366394411
malloc-large.ke,43687936,492830720,536928256,8.14,36366399965
malloc-large.ke,43339776,493178880,536928256,8.07,36366402269
malloc-large.ke,43708416,492810240,536928256,8.14,36366411519
malloc-large.ke,43405312,493113344,536928256,0.00,36366413475
malloc-large.ke,43741184,492777472,536928256,8.15,36377398147
malloc-large.ke,43442176,493076480,536928256,8.09,36377400353
malloc-large.ke,43659264,492859392,536928256,8.13,36377405375
malloc-large.ke,43253760,493264896,536928256,8.06,36377407360
malloc-large.ke,43388928,493129728,536928256,8.08,36377411203
malloc-large.ke,43245568,493273088,536928256,8.05,36377413101
malloc-large.ke,43601920,492916736,536928256,8.12,36377421384
malloc-large.ke,43266048,493252608,536928256,8.06,36377423455
malloc-large.ke,43618304,492900352,536928256,8.12,36377429837
malloc-large.ke,43413504,493105152,536928256,8.09,36377431351
malloc-large.ke,43905024,492613632,536928256,8.18,36377445488
malloc-large.ke,43405312,493113344,536928256,8.08,36377447961
malloc-large.ke,43732992,492785664,536928256,8.15,36377459179
malloc-large.ke,43241472,493277184,536928256,8.05,36377461366
malloc-large.ke,43753472,492765184,536928256,8.15,36377473421
malloc-large.ke,43536384,492982272,536928256,8.11,36387525204
malloc-large.ke,43909120,492609536,536928256,8.18,36387536982
malloc-large.ke,43433984,493084672,536928256,8.09,36387539257
malloc-large.ke,43569152,492949504,536928256,8.11,36387542633
malloc-large.ke,43282432,493236224,536928256,8.06,36387544236
malloc-large.ke,43749376,492769280,536928256,8.15,36387554143
malloc-large.ke,43614208,492904448,536928256,8.12,36387555627
malloc-large.ke,44081152,492437504,536928256,8.21,36387568981
malloc-large.ke,43790336,492728320,536928256,8.16,36387570838
malloc-large.ke,44101632,492417024,536928256,8.21,36387579452
malloc-large.ke,43765760,492752896,536928256,8.15,36387581311
malloc-large.ke,43937792,492580864,536928256,8.18,36387585256
malloc-large.ke,43802624,492716032,536928256,8.16,36387586630
malloc-large.ke,44081152,492437504,536928256,8.21,36387594196
malloc-large.ke,43933696,492584960,536928256,8.18,36387595647
malloc-large.ke,44392448,492126208,536928256,0.00,36387605968
malloc-large.ke,44195840,492322816,536928256,8.23,36397783829
malloc-large.ke,44679168,491839488,536928256,8.32,36397793507
malloc-large.ke,44220416,492298240,536928256,8.24,36397795786
malloc-large.ke,44552192,491966464,536928256,8.30,36397807321
malloc-large.ke,44212224,492306432,536928256,8.23,36397809714
malloc-large.ke,44371968,492146688,536928256,8.26,36397816435
malloc-large.ke,44060672,492457984,536928256,8.21,36397820956
malloc-large.ke,44400640,492118016,536928256,8.27,36397833087
malloc-large.ke,43888640,492630016,536928256,8.17,36397837839
malloc-large.ke,44359680,492158976,536928256,8.26,36397858294
malloc-large.ke,44007424,492511232,536928256,8.20,36397861176
malloc-large.ke,44240896,492277760,536928256,8.24,36397866229
malloc-large.ke,43909120,492609536,536928256,8.18,36397868754
malloc-large.ke,44126208,492392448,536928256,8.22,36397874402
malloc-large.ke,43831296,492687360,536928256,8.16,36397877355
malloc-large.ke,44253184,492265472,536928256,0.00,36397888555
malloc-large.ke,44085248,492433408,536928256,8.21,36408571266
malloc-large.ke,44486656,492032000,536928256,8.29,36408584088
malloc-large.ke,44253184,492265472,536928256,8.24,36408586047
malloc-large.ke,44425216,492093440,536928256,8.27,36408589936
malloc-large.ke,43958272,492560384,536928256,8.19,36408591960
malloc-large.ke,44154880,492363776,536928256,8.22,36408596188
malloc-large.ke,43732992,492785664,536928256,8.15,36408599019
malloc-large.ke,44036096,492482560,536928256,8.20,36408607456
malloc-large.ke,43749376,492769280,536928256,8.15,36408609450
malloc-large.ke,44236800,492281856,536928256,8.24,36408621385
malloc-large.ke,43880448,492638208,536928256,8.17,36408623292
malloc-large.ke,44216320,492302336,536928256,8.24,36408630278
malloc-large.ke,44019712,492498944,536928256,8.20,36408631933
malloc-large.ke,44302336,492216320,536928256,8.25,36408638883
malloc-large.ke,43929600,492589056,536928256,8.18,36408640863
malloc-large.ke,44265472,492253184,536928256,0.00,36408651578
malloc-large.ke,43798528,492720128,536928256,8.16,36419683645
malloc-large.ke,44007424,492511232,536928256,8.20,36419688769
malloc-large.ke,43724800,492793856,536928256,8.14,36419690570
malloc-large.ke,44199936,492318720,536928256,8.23,36419701026
malloc-large.ke,44027904,492490752,536928256,8.20,36419702626
malloc-large.ke,44433408,492085248,536928256,8.28,36419716269
malloc-large.ke,44216320,492302336,536928256,8.24,36419718557
malloc-large.ke,44634112,491884544,536928256,8.31,36419736731
malloc-large.ke,44290048,492228608,536928256,8.25,36419741336
malloc-large.ke,44580864,491937792,536928256,8.30,36419748455
malloc-large.ke,44077056,492441600,536928256,8.21,36419750619
malloc-large.ke,44498944,492019712,536928256,8.29,36419760564
malloc-large.ke,6823936,529694720,536928256,1.27,36419839093
malloc-large.ke,7053312,529465344,536928256,1.31,36419844801
malloc-large.ke,6725632,529793024,536928256,1.25,36419846790
malloc-large.ke,6877184,529641472,536928256,1.28,36429753048
malloc-large.ke,6455296,530063360,536928256,1.20,36429757174
malloc-large.ke,6832128,529686528,536928256,1.27,36429773618
malloc-large.ke,6623232,529895424,536928256,1.23,36429777099
malloc-large.ke,7110656,529408000,536928256,1.32,36429791061
malloc-large.ke,6881280,529637376,536928256,1.28,36429792738
malloc-large.ke,7118848,529399808,536928256,1.33,36429797178
malloc-large.ke,6717440,529801216,536928256,1.25,36429799013
malloc-large.ke,7106560,529412096,536928256,1.32,36429809534
malloc-large.ke,6701056,529817600,536928256,1.25,36429811661
malloc-large.ke,6922240,529596416,536928256,1.29,36429816004
malloc-large.ke,6545408,529973248,536928256,1.22,36429817745
malloc-large.ke,6807552,529711104,536928256,1.27,36429825706
malloc-large.ke,6320128,530198528,536928256,1.18,36429827814
malloc-large.ke,6770688,529747968,536928256,1.26,36429839560
malloc-large.ke,6549504,529969152,536928256,1.22,36429841769
malloc-large.ke,6750208,529768448,536928256,1.26,36440231784
malloc-large.ke,6549504,529969152,536928256,1.22,36440233912
malloc-large.ke,6823936,529694720,536928256,1.27,36440243342
malloc-large.ke,6664192,529854464,536928256,1.24,36440244841
malloc-large.ke,6803456,529715200,536928256,1.27,36440248069
malloc-large.ke,6434816,530083840,536928256,1.20,36440250226
malloc-large.ke,6623232,529895424,536928256,1.23,36440254963
malloc-large.ke,6287360,530231296,536928256,1.17,36440256666
malloc-large.ke,6676480,529842176,536928256,1.24,36440264834
malloc-large.ke,6225920,530292736,536928256,1.16,36440267600
malloc-large.ke,6488064,530030592,536928256,1.21,36440275972
malloc-large.ke,6004736,530513920,536928256,1.12,36440278318
malloc-large.ke,6483968,530034688,536928256,1.21,36440295252
malloc-large.ke,6332416,530186240,536928256,1.18,36440297725
malloc-large.ke,6696960,529821696,536928256,1.25,36440310872
malloc-large.ke,6217728,530300928,536928256,1.16,36440313481
malloc-large.ke,6602752,529915904,536928256,1.23,36450676774
malloc-large.ke,6365184,530153472,536928256,1.19,36450679612
malloc-large.ke,6561792,529956864,536928256,1.22,36450683658
malloc-large.ke,6090752,530427904,536928256,1.13,36450685921
malloc-large.ke,6529024,529989632,536928256,1.22,36450697272
malloc-large.ke,6041600,530477056,536928256,1.13,36450700140
malloc-large.ke,6176768,530341888,536928256,1.15,36450703797
malloc-large.ke,5898240,530620416,536928256,1.10,36450705588
malloc-large.ke,6119424,530399232,536928256,1.14,36450710931
malloc-large.ke,5701632,530817024,536928256,1.06,36450712989
malloc-large.ke,6209536,530309120,536928256,1.16,36450725114
malloc-large.ke,5820416,530698240,536928256,1.08,36450727424
malloc-large.ke,6017024,530501632,536928256,1.12,36450734764
malloc-large.ke,5578752,530939904,536928256,1.04,36450737133
malloc-large.ke,6029312,530489344,536928256,1.12,36450749653
malloc-large.ke,5738496,530780160,536928256,1.07,36450751800
malloc-large.ke,5926912,530591744,536928256,1.10,36461625818
malloc-large.ke,5476352,531042304,536928256,1.02,36461628833
malloc-large.ke,5623808,530894848,536928256,1.05,36461633998
malloc-large.ke,5402624,531116032,536928256,1.01,36461635592
malloc-large.ke,5619712,530898944,536928256,1.05,36461640845
malloc-large.ke,5431296,531087360,536928256,1.01,36461642354
malloc-large.ke,5730304,530788352,536928256,1.07,36461651418
malloc-large.ke,5365760,531152896,536928256,1.00,36461653421
malloc-large.ke,5726208,530792448,536928256,1.07,36461663740
malloc-large.ke,5537792,530980864,536928256,1.03,36461665587
malloc-large.ke,5844992,530673664,536928256,1.09,36461677029
malloc-large.ke,5369856,531148800,536928256,1.00,36461679565
malloc-large.ke,5619712,530898944,536928256,1.05,36461687549
malloc-large.ke,5320704,531197952,536928256,0.99,36461693396
malloc-large.ke,5697536,530821120,536928256,1.06,36461706583
malloc-large.ke,5500928,531017728,536928256,0.00,36461708650
malloc-large.ke,21520384,514998272,536928256,4.01,36472083633
malloc-large.ke,21381120,515137536,536928256,3.98,36472085965
malloc-large.ke,21606400,514912256,536928256,4.02,36472092411
malloc-large.ke,5586944,530931712,536928256,1.04,36472123011
malloc-large.ke,30949376,505569280,536928256,5.76,36472494483
malloc-large.ke,30814208,505704448,536928256,5.74,36472497207
malloc-large.ke,31211520,505307136,536928256,5.81,36472508775
malloc-large.ke,31014912,505503744,536928256,5.78,36472510498
malloc-large.ke,31334400,505184256,536928256,5.84,36472516280
malloc-large.ke,31072256,505446400,536928256,5.79,36472518291
malloc-large.ke,31547392,504971264,536928256,5.88,36472548910
malloc-large.ke,31072256,505446400,536928256,5.79,36472552562
malloc-large.ke,31309824,505208832,536928256,5.83,36472560611
malloc-large.ke,31002624,505516032,536928256,5.77,36472562555
malloc-large.ke,31432704,505085952,536928256,5.85,36472572823
malloc-large.ke,30924800,505593856,536928256,0.00,36472575023
malloc-large.ke,31375360,505143296,536928256,5.84,36482496816
malloc-large.ke,30990336,505528320,536928256,5.77,36482499397
malloc-large.ke,31477760,505040896,536928256,5.86,36482508255
malloc-large.ke,31203328,505315328,536928256,5.81,36482510028
malloc-large.ke,31617024,504901632,536928256,5.89,36482522734
malloc-large.ke,31203328,505315328,536928256,5.81,36482525068
malloc-large.ke,31686656,504832000,536928256,5.90,36482540025
malloc-large.ke,31203328,505315328,536928256,5.81,36482543925
malloc-large.ke,31653888,504864768,536928256,5.90,36482558019
malloc-large.ke,31416320,505102336,536928256,5.85,36482559818
malloc-large.ke,31883264,504635392,536928256,5.94,36482592220
malloc-large.ke,6520832,529997824,536928256,1.21,36482642641
malloc-large.ke,6905856,529612800,536928256,1.29,36482654400
malloc-large.ke,6656000,529862656,536928256,1.24,36482656246
malloc-large.ke,7114752,529403904,536928256,1.33,36482668451
malloc-large.ke,6811648,529707008,536928256,0.00,36482670418
malloc-large.ke,7176192,529342464,536928256,1.34,36493204833
malloc-large.ke,6778880,529739776,536928256,1.26,36493206950
malloc-large.ke,7200768,529317888,536928256,1.34,36493216447
malloc-large.ke,6975488,529543168,536928256,1.30,36493218250
malloc-large.ke,7409664,529108992,536928256,1.38,36493227753
malloc-large.ke,6987776,529530880,536928256,1.30,36493230089
malloc-large.ke,7294976,529223680,536928256,1.36,36493238195
malloc-large.ke,6975488,529543168,536928256,1.30,36493239934
malloc-large.ke,7204864,529313792,536928256,1.34,36493244741
malloc-large.ke,6737920,529780736,536928256,1.25,36493246761
malloc-large.ke,7188480,529330176,536928256,1.34,36493259004
malloc-large.ke,6881280,529637376,536928256,1.28,36493260797
malloc-large.ke,7032832,529485824,536928256,1.31,36493265189
malloc-large.ke,6582272,529936384,536928256,1.23,36493267112
malloc-large.ke,6733824,529784832,536928256,1.25,36493271867
malloc-large.ke,6516736,530001920,536928256,0.00,36493273463
malloc-large.ke,6983680,529534976,536928256,1.30,36504230359
malloc-large.ke,6606848,529911808,536928256,1.23,36504232613
malloc-large.ke,7024640,529494016,536928256,1.31,36504243917
malloc-large.ke,6873088,529645568,536928256,1.28,36504245573
malloc-large.ke,7229440,529289216,536928256,1.35,36504256097
malloc-large.ke,6844416,529674240,536928256,1.27,36504258547
malloc-large.ke,6987776,529530880,536928256,1.30,36504263025
malloc-large.ke,6627328,529891328,536928256,1.23,36504265161
malloc-large.ke,6762496,529756160,536928256,1.26,36504269572
malloc-large.ke,6275072,530243584,536928256,1.17,36504271761
malloc-large.ke,6725632,529793024,536928256,1.25,36504279892
malloc-large.ke,6574080,529944576,536928256,1.22,36504281461
malloc-large.ke,6770688,529747968,536928256,1.26,36504289497
malloc-large.ke,6627328,529891328,536928256,1.23,36504291064
malloc-large.ke,6815744,529702912,536928256,1.27,36504295949
malloc-large.ke,6627328,529891328,536928256,0.00,36504297566
malloc-large.ke,6770688,529747968,536928256,1.26,36516934145
malloc-large.ke,6574080,529944576,536928256,1.22,36516936286
malloc-large.ke,6897664,529620992,536928256,1.28,36516948628
malloc-large.ke,6479872,530038784,536928256,1.21,36516951102
malloc-large.ke,6713344,529805312,536928256,1.25,36516963992
malloc-large.ke,6377472,530141184,536928256,1.19,36516966859
malloc-large.ke,6631424,529887232,536928256,1.24,36516974138
malloc-large.ke,6164480,530354176,536928256,1.15,36516977034
malloc-large.ke,6320128,530198528,536928256,1.18,36516984129
malloc-large.ke,6066176,530452480,536928256,1.13,36516986204
malloc-large.ke,6488064,530030592,536928256,1.21,36517000876
malloc-large.ke,6316032,530202624,536928256,1.18,36517002916
malloc-large.ke,6721536,529797120,536928256,1.25,36517016486
malloc-large.ke,6262784,530255872,536928256,1.17,36517019759
malloc-large.ke,6488064,530030592,536928256,1.21,36517026965
malloc-large.ke,6082560,530436096,536928256,1.13,36528920024
malloc-large.ke,6520832,529997824,536928256,1.21,36528932576
malloc-large.ke,6291456,530227200,536928256,1.17,36528934356
malloc-large.ke,6664192,529854464,536928256,1.24,36528941436
malloc-large.ke,6225920,530292736,536928256,1.16,36528943491
malloc-large.ke,6602752,529915904,536928256,1.23,36528954557
malloc-large.ke,6279168,530239488,536928256,1.17,36528956406
malloc-large.ke,6672384,529846272,536928256,1.24,36528967387
malloc-large.ke,6279168,530239488,536928256,1.17,36528970370
malloc-large.ke,6656000,529862656,536928256,1.24,36528987813
malloc-large.ke,6520832,529997824,536928256,1.21,36528991160
malloc-large.ke,6721536,529797120,536928256,1.25,36528996088
malloc-large.ke,6270976,530247680,536928256,1.17,36528998136
malloc-large.ke,25444352,511074304,536928256,4.74,36529300086
malloc-large.ke,25243648,511275008,536928256,4.70,36529302467
malloc-large.ke,25444352,511074304,536928256,4.74,36529307632
malloc-large.ke,25296896,511221760,536928256,4.71,36540038596
malloc-large.ke,25440256,511078400,536928256,4.74,36540044642
malloc-large.ke,25075712,511442944,536928256,4.67,36540047259
malloc-large.ke,25587712,510930944,536928256,4.77,36540062770
malloc-large.ke,25432064,511086592,536928256,4.74,36540064857
malloc-large.ke,25763840,510754816,536928256,4.80,36540073618
malloc-large.ke,25530368,510988288,536928256,4.75,36540076036
malloc-large.ke,25812992,510705664,536928256,4.81,36540084973
malloc-large.ke,25550848,510967808,536928256,4.76,36540087226
malloc-large.ke,25845760,510672896,536928256,4.81,36540096313
malloc-large.ke,25411584,511107072,536928256,4.73,36540099299
malloc-large.ke,25796608,510722048,536928256,4.80,36540109661
malloc-large.ke,25571328,510947328,536928256,4.76,36540112089
malloc-large.ke,25776128,510742528,536928256,4.80,36540118106
malloc-large.ke,25391104,511127552,536928256,4.73,36540120744
malloc-large.ke,25845760,510672896,536928256,0.00,36540132848
malloc-large.ke,25513984,511004672,536928256,4.75,36551451762
malloc-large.ke,25796608,510722048,536928256,4.80,36551459741
malloc-large.ke,25653248,510865408,536928256,4.78,36551461348
malloc-large.ke,25952256,510566400,536928256,4.83,36551468242
malloc-large.ke,25808896,510709760,536928256,4.81,36551469815
malloc-large.ke,26132480,510386176,536928256,4.87,36551477871
malloc-large.ke,25710592,510808064,536928256,4.79,36551480288
malloc-large.ke,25878528,510640128,536928256,4.82,36551487258
malloc-large.ke,25366528,511152128,536928256,4.72,36551490045
malloc-large.ke,25522176,510996480,536928256,4.75,36551497834
malloc-large.ke,25354240,511164416,536928256,4.72,36551501036
malloc-large.ke,25706496,510812160,536928256,4.79,36551512912
malloc-large.ke,25550848,510967808,536928256,4.76,36551515216
malloc-large.ke,25792512,510726144,536928256,4.80,36551524103
malloc-large.ke,25403392,511115264,536928256,4.73,36551526370
malloc-large.ke,25620480,510898176,536928256,0.00,36551533714
malloc-large.ke,25403392,511115264,536928256,4.73,36561901292
malloc-large.ke,25882624,510636032,536928256,4.82,36561911388
malloc-large.ke,25427968,511090688,536928256,4.74,36561913627
malloc-large.ke,25788416,510730240,536928256,4.80,36561923074
malloc-large.ke,25493504,511025152,536928256,4.75,36561924948
malloc-large.ke,25862144,510656512,536928256,4.82,36561935089
malloc-large.ke,25509888,511008768,536928256,4.75,36561937074
malloc-large.ke,25849856,510668800,536928256,4.81,36561946575
malloc-large.ke,25493504,511025152,536928256,4.75,36561948750
malloc-large.ke,25669632,510849024,536928256,4.78,36561955837
malloc-large.ke,25190400,511328256,536928256,4.69,36561958096
malloc-large.ke,25346048,511172608,536928256,4.72,36561962897
malloc-large.ke,25141248,511377408,536928256,4.68,36561966430
malloc-large.ke,25325568,511193088,536928256,4.72,36561971517
malloc-large.ke,25149440,511369216,536928256,4.68,36561973412
malloc-large.ke,25337856,511180800,536928256,0.00,36561979148
malloc-large.ke,25137152,511381504,536928256,4.68,36573897224
malloc-large.ke,25542656,510976000,536928256,4.76,36573909410
malloc-large.ke,6369280,530149376,536928256,1.19,36573951747
malloc-large.ke,6881280,529637376,536928256,1.28,36573965963
malloc-large.ke,6520832,529997824,536928256,1.21,36573968342
malloc-large.ke,6909952,529608704,536928256,1.29,36573978981
malloc-large.ke,6586368,529932288,536928256,1.23,36573981275
malloc-large.ke,6873088,529645568,536928256,1.28,36573987309
malloc-large.ke,6500352,530018304,536928256,1.21,36573989478
malloc-large.ke,6963200,529555456,536928256,1.30,36574002832
malloc-large.ke,6623232,529895424,536928256,1.23,36574004860
malloc-large.ke,6836224,529682432,536928256,1.27,36574009413
malloc-large.ke,6385664,530132992,536928256,1.19,36574011536
malloc-large.ke,6569984,529948672,536928256,1.22,36574015503
malloc-large.ke,6180864,530337792,536928256,1.15,36574017398
malloc-large.ke,6561792,529956864,536928256,1.22,36584329703
malloc-large.ke,6279168,530239488,536928256,1.17,36584332128
malloc-large.ke,6516736,530001920,536928256,1.21,36584339203
malloc-large.ke,6066176,530452480,536928256,1.13,36584341273
malloc-large.ke,6393856,530124800,536928256,1.19,36584349041
malloc-large.ke,5931008,530587648,536928256,1.10,36584351069
malloc-large.ke,6160384,530358272,536928256,1.15,36584357226
malloc-large.ke,5820416,530698240,536928256,1.08,36584359646
malloc-large.ke,6127616,530391040,536928256,1.14,36584367101
malloc-large.ke,5890048,530628608,536928256,1.10,36584368950
malloc-large.ke,6127616,530391040,536928256,1.14,36584374958
malloc-large.ke,5844992,530673664,536928256,1.09,36584376689
malloc-large.ke,6131712,530386944,536928256,1.14,36584384230
malloc-large.ke,5902336,530616320,536928256,1.10,36584386975
malloc-large.ke,6287360,530231296,536928256,1.17,36584413112
malloc-large.ke,6103040,530415616,536928256,1.14,36584417716
malloc-large.ke,6418432,530100224,536928256,1.20,36595326103
malloc-large.ke,6037504,530481152,536928256,1.12,36595328827
malloc-large.ke,6275072,530243584,536928256,1.17,36595333669
malloc-large.ke,6037504,530481152,536928256,1.12,36595335406
malloc-large.ke,6381568,530137088,536928256,1.19,36595343118
malloc-large.ke,6094848,530423808,536928256,1.14,36595344855
malloc-large.ke,6385664,530132992,536928256,1.19,36595350619
malloc-large.ke,6008832,530509824,536928256,1.12,36595352399
malloc-large.ke,6303744,530214912,536928256,1.17,36595358449
malloc-large.ke,6148096,530370560,536928256,1.15,36595359918
malloc-large.ke,6336512,530182144,536928256,1.18,36595365531
malloc-large.ke,6008832,530509824,536928256,1.12,36595367378
malloc-large.ke,6475776,530042880,536928256,1.21,36595380023
malloc-large.ke,6168576,530350080,536928256,1.15,36595381829
malloc-large.ke,6623232,529895424,536928256,1.23,36595394300
malloc-large.ke,6332416,530186240,536928256,1.18,36595396272
malloc-large.ke,6840320,529678336,536928256,1.27,36607873740
malloc-large.ke,6410240,530108416,536928256,1.19,36607876941
malloc-large.ke,6688768,529829888,536928256,1.25,36607884906
malloc-large.ke,6447104,530071552,536928256,1.20,36607887109
malloc-large.ke,6643712,529874944,536928256,1.24,36607894080
malloc-large.ke,6258688,530259968,536928256,1.17,36607896324
malloc-large.ke,6717440,529801216,536928256,1.25,36607909250
malloc-large.ke,6262784,530255872,536928256,1.17,36607911776
malloc-large.ke,6623232,529895424,536928256,1.23,36607922538
malloc-large.ke,6217728,530300928,536928256,1.16,36607924904
malloc-large.ke,6709248,529809408,536928256,1.25,36607938484
malloc-large.ke,6520832,529997824,536928256,1.21,36607940796
malloc-large.ke,6660096,529858560,536928256,1.24,36607945454
malloc-large.ke,6291456,530227200,536928256,1.17,36607947621
malloc-large.ke,6803456,529715200,536928256,1.27,36607962358
malloc-large.ke,6459392,530059264,536928256,1.20,36607964619
malloc-large.ke,6619136,529899520,536928256,1.23,36619324097
malloc-large.ke,6459392,530059264,536928256,1.20,36619326696
malloc-large.ke,6885376,529633280,536928256,1.28,36619339639
malloc-large.ke,6418432,530100224,536928256,1.20,36619342443
malloc-large.ke,6643712,529874944,536928256,1.24,36619349059
malloc-large.ke,6365184,530153472,536928256,1.19,36619350926
malloc-large.ke,6651904,529866752,536928256,1.24,36619357621
malloc-large.ke,6438912,530079744,536928256,1.20,36619359538
malloc-large.ke,6623232,529895424,536928256,1.23,36619363935
malloc-large.ke,6426624,530092032,536928256,1.20,36619365756
malloc-large.ke,6803456,529715200,536928256,1.27,36619374945
malloc-large.ke,6516736,530001920,536928256,1.21,36619376954
malloc-large.ke,6668288,529850368,536928256,1.24,36619382748
malloc-large.ke,6291456,530227200,536928256,1.17,36619384956
malloc-large.ke,6438912,530079744,536928256,1.20,36619390600
malloc-large.ke,6250496,530268160,536928256,1.16,36619392298
malloc-large.ke,6713344,529805312,536928256,1.25,36636350610
malloc-large.ke,6352896,530165760,536928256,1.18,36636353720
malloc-large.ke,6512640,530006016,536928256,1.21,36636361264
malloc-large.ke,6213632,530305024,536928256,1.16,36636364422
malloc-large.ke,6492160,530026496,536928256,1.21,36636374691
malloc-large.ke,6066176,530452480,536928256,1.13,36636378419
malloc-large.ke,6303744,530214912,536928256,1.17,36636388656
malloc-large.ke,6164480,530354176,536928256,1.15,36636390741
malloc-large.ke,6303744,530214912,536928256,1.17,36636396006
malloc-large.ke,6066176,530452480,536928256,1.13,36636398850
malloc-large.ke,6397952,530120704,536928256,1.19,36636410905
malloc-large.ke,5906432,530612224,536928256,1.10,36636427468
malloc-large.ke,6209536,530309120,536928256,1.16,36636445597
malloc-large.ke,5750784,530767872,536928256,1.07,36636449472
malloc-large.ke,5992448,530526208,536928256,1.12,36636460567
malloc-large.ke,5808128,530710528,536928256,0.00,36636463778
malloc-large.ke,6246400,530272256,536928256,1.16,36658388246
malloc-large.ke,6107136,530411520,536928256,1.14,36658392883
malloc-large.ke,6455296,530063360,536928256,1.20,36658413871
malloc-large.ke,6160384,530358272,536928256,1.15,36658418677
malloc-large.ke,6672384,529846272,536928256,1.24,36658441128
malloc-large.ke,6393856,530124800,536928256,1.19,36658445141
malloc-large.ke,6901760,529616896,536928256,1.29,36658461892
malloc-large.ke,6615040,529903616,536928256,1.23,36658464721
malloc-large.ke,7020544,529498112,536928256,1.31,36658489929
malloc-large.ke,6688768,529829888,536928256,1.25,36658493861
malloc-large.ke,6840320,529678336,536928256,1.27,36658502737
malloc-large.ke,6598656,529920000,536928256,1.23,36658507211
malloc-large.ke,6864896,529653760,536928256,1.28,36658522904
malloc-large.ke,6352896,530165760,536928256,1.18,36658529340
malloc-large.ke,6524928,529993728,536928256,1.22,36658539587
malloc-large.ke,6258688,530259968,536928256,0.00,36658543122
malloc-large.ke,6467584,530051072,536928256,1.20,36691683368
malloc-large.ke,6283264,530235392,536928256,1.17,36691690607
malloc-large.ke,6533120,529985536,536928256,1.22,36691715267
malloc-large.ke,6283264,530235392,536928256,1.17,36691724993
malloc-large.ke,6520832,529997824,536928256,1.21,36691748853
malloc-large.ke,6082560,530436096,536928256,1.13,36691763048
malloc-large.ke,6496256,530022400,536928256,1.21,36691788123
malloc-large.ke,6344704,530173952,536928256,1.18,36691792463
malloc-large.ke,6520832,529997824,536928256,1.21,36691800610
malloc-large.ke,6008832,530509824,536928256,1.12,36691805731
malloc-large.ke,6311936,530206720,536928256,1.18,36691825239
malloc-large.ke,5898240,530620416,536928256,1.10,36691830611
malloc-large.ke,6307840,530210816,536928256,1.17,36691853188
malloc-large.ke,6004736,530513920,536928256,1.12,36691858870
malloc-large.ke,6152192,530366464,536928256,1.15,36691868038
malloc-large.ke,5849088,530669568,536928256,0.00,36691872849
malloc-large.ke,6225920,530292736,536928256,1.16,36720319172
malloc-large.ke,5718016,530800640,536928256,1.06,36720325115
malloc-large.ke,5967872,530550784,536928256,1.11,36720343414
malloc-large.ke,5795840,530722816,536928256,1.08,36720348168
malloc-large.ke,6279168,530239488,536928256,1.17,36720379832
malloc-large.ke,6103040,530415616,536928256,1.14,36720388904
malloc-large.ke,6479872,530038784,536928256,1.21,36720455403
malloc-large.ke,6074368,530444288,536928256,1.13,36720461835
malloc-large.ke,6434816,530083840,536928256,1.20,36720485564
malloc-large.ke,6086656,530432000,536928256,1.13,36720491412
malloc-large.ke,6533120,529985536,536928256,1.22,36720519411
malloc-large.ke,6373376,530145280,536928256,1.19,36720527490
malloc-large.ke,6656000,529862656,536928256,1.24,36720609213
malloc-large.ke,6447104,530071552,536928256,1.20,36720619389
malloc-large.ke,6639616,529879040,536928256,1.24,36720631006
malloc-large.ke,6131712,530386944,536928256,0.00,36720637027
malloc-large.ke,6533120,529985536,536928256,1.22,36742431968
malloc-large.ke,6070272,530448384,536928256,1.13,36742437753
malloc-large.ke,6553600,529965056,536928256,1.22,36742475371
malloc-large.ke,6361088,530157568,536928256,1.18,36742480477
malloc-large.ke,6713344,529805312,536928256,1.25,36742499710
malloc-large.ke,6463488,530055168,536928256,1.20,36742504473
malloc-large.ke,6676480,529842176,536928256,1.24,36742518386
malloc-large.ke,6299648,530219008,536928256,1.17,36742523303
malloc-large.ke,6750208,529768448,536928256,1.26,36742550310
malloc-large.ke,6348800,530169856,536928256,1.18,36742555400
malloc-large.ke,6828032,529690624,536928256,1.27,36742575303
malloc-large.ke,6348800,530169856,536928256,1.18,36742580906
malloc-large.ke,6574080,529944576,536928256,1.22,36742591971
malloc-large.ke,6164480,530354176,536928256,1.15,36742597031
malloc-large.ke,6340608,530178048,536928256,1.18,36742606210
malloc-large.ke,5857280,530661376,536928256,0.00,36742611302
malloc-large.ke,6225920,530292736,536928256,1.16,36757741202
malloc-large.ke,6078464,530440192,536928256,1.13,36757743063
malloc-large.ke,6483968,530034688,536928256,1.21,36757751394
malloc-large.ke,6107136,530411520,536928256,1.14,36757753433
malloc-large.ke,6598656,529920000,536928256,1.23,36757764611
malloc-large.ke,6373376,530145280,536928256,1.19,36757766399
malloc-large.ke,6881280,529637376,536928256,1.28,36757778015
malloc-large.ke,6529024,529989632,536928256,1.22,36757780066
malloc-large.ke,39936000,496582656,536928256,7.44,36758317958
malloc-large.ke,39452672,497065984,536928256,7.35,36758321441
malloc-large.ke,39809024,496709632,536928256,7.41,36758328634
malloc-large.ke,39403520,497115136,536928256,7.34,36758330927
malloc-large.ke,39575552,496943104,536928256,7.37,36758336056
malloc-large.ke,39424000,497094656,536928256,7.34,36758337632
malloc-large.ke,39817216,496701440,536928256,7.42,36758346370
malloc-large.ke,39579648,496939008,536928256,0.00,36758348134
malloc-large.ke,39751680,496766976,536928256,7.40,36769551001
malloc-large.ke,39604224,496914432,536928256,7.38,36769552706
malloc-large.ke,39800832,496717824,536928256,7.41,36769556689
malloc-large.ke,39309312,497209344,536928256,7.32,36769559527
malloc-large.ke,39669760,496848896,536928256,7.39,36769568566
malloc-large.ke,6262784,530255872,536928256,1.17,36769638033
malloc-large.ke,6598656,529920000,536928256,1.23,36769647294
malloc-large.ke,6283264,530235392,536928256,1.17,36769650137
malloc-large.ke,6569984,529948672,536928256,1.22,36769660189
malloc-large.ke,6209536,530309120,536928256,1.16,36769662406
malloc-large.ke,6516736,530001920,536928256,1.21,36769671834
malloc-large.ke,6340608,530178048,536928256,1.18,36769673636
malloc-large.ke,6746112,529772544,536928256,1.26,36769686893
malloc-large.ke,6574080,529944576,536928256,1.22,36769688727
malloc-large.ke,7028736,529489920,536928256,1.31,36769709089
malloc-large.ke,6516736,530001920,536928256,1.21,36779951531
malloc-large.ke,6893568,529625088,536928256,1.28,36779969964
malloc-large.ke,6696960,529821696,536928256,1.25,36779972702
malloc-large.ke,6840320,529678336,536928256,1.27,36779978975
malloc-large.ke,6389760,530128896,536928256,1.19,36779982455
malloc-large.ke,6586368,529932288,536928256,1.23,36779989546
malloc-large.ke,6361088,530157568,536928256,1.18,36779991392
malloc-large.ke,6737920,529780736,536928256,1.25,36780005195
malloc-large.ke,6344704,530173952,536928256,1.18,36780008444
malloc-large.ke,6774784,529743872,536928256,1.26,36780023567
malloc-large.ke,6369280,530149376,536928256,1.19,36780027283
malloc-large.ke,6692864,529825792,536928256,1.25,36780042518
malloc-large.ke,6238208,530280448,536928256,1.16,36780045588
malloc-large.ke,6537216,529981440,536928256,1.22,36780059603
malloc-large.ke,6107136,530411520,536928256,1.14,36780064041
malloc-large.ke,6361088,530157568,536928256,1.18,36780072033
malloc-large.ke,5984256,530534400,536928256,1.11,36790348570
malloc-large.ke,6328320,530190336,536928256,1.18,36790356946
malloc-large.ke,6045696,530472960,536928256,1.13,36790358688
malloc-large.ke,6266880,530251776,536928256,1.17,36790363825
malloc-large.ke,6070272,530448384,536928256,1.13,36790365527
malloc-large.ke,6410240,530108416,536928256,1.19,36790375747
malloc-large.ke,6189056,530329600,536928256,1.15,36790377336
malloc-large.ke,6647808,529870848,536928256,1.24,36790389622
malloc-large.ke,6270976,530247680,536928256,1.17,36790391831
malloc-large.ke,6615040,529903616,536928256,1.23,36790401908
malloc-large.ke,6246400,530272256,536928256,1.16,36790404672
malloc-large.ke,6533120,529985536,536928256,1.22,36790411278
malloc-large.ke,6176768,530341888,536928256,1.15,36790413179
malloc-large.ke,6508544,530010112,536928256,1.21,36790419624
malloc-large.ke,6209536,530309120,536928256,1.16,36790421458
malloc-large.ke,6344704,530173952,536928256,1.18,36790424601
malloc-large.ke,6000640,530518016,536928256,1.12,36800773720
malloc-large.ke,6361088,530157568,536928256,1.18,36800784654
malloc-large.ke,6123520,530395136,536928256,1.14,36800786468
malloc-large.ke,6344704,530173952,536928256,1.18,36800790871
malloc-large.ke,5885952,530632704,536928256,1.10,36800792821
malloc-large.ke,6168576,530350080,536928256,1.15,36800799538
malloc-large.ke,6025216,530493440,536928256,1.12,36800801320
malloc-large.ke,6348800,530169856,536928256,1.18,36800813303
malloc-large.ke,6012928,530505728,536928256,1.12,36800816271
malloc-large.ke,6389760,530128896,536928256,1.19,36800832632
malloc-large.ke,6217728,530300928,536928256,1.16,36800835388
malloc-large.ke,6512640,530006016,536928256,1.21,36800842927
malloc-large.ke,6135808,530382848,536928256,1.14,36800844961
malloc-large.ke,6471680,530046976,536928256,1.21,36800855014
malloc-large.ke,6164480,530354176,536928256,1.15,36800856818
malloc-large.ke,6328320,530190336,536928256,1.18,36800861880
malloc-large.ke,6041600,530477056,536928256,1.13,36812266225
malloc-large.ke,6447104,530071552,536928256,1.20,36812278993
malloc-large.ke,6193152,530325504,536928256,1.15,36812281657
malloc-large.ke,6541312,529977344,536928256,1.22,36812291819
malloc-large.ke,6320128,530198528,536928256,1.18,36812293811
malloc-large.ke,6504448,530014208,536928256,1.21,36812298482
malloc-large.ke,6168576,530350080,536928256,1.15,36812300403
malloc-large.ke,6627328,529891328,536928256,1.23,36812313638
malloc-large.ke,6283264,530235392,536928256,1.17,36812315586
malloc-large.ke,6672384,529846272,536928256,1.24,36812324248
malloc-large.ke,6164480,530354176,536928256,1.15,36812326499
malloc-large.ke,6602752,529915904,536928256,1.23,36812336729
malloc-large.ke,6254592,530264064,536928256,1.16,36812338890
malloc-large.ke,6623232,529895424,536928256,1.23,36812349273
malloc-large.ke,6299648,530219008,536928256,1.17,36812351183
malloc-large.ke,6524928,529993728,536928256,0.00,36812356980
malloc-large.ke,6135808,530382848,536928256,1.14,36823768174
malloc-large.ke,6537216,529981440,536928256,1.22,36823782466
malloc-large.ke,6131712,530386944,536928256,1.14,36823785399
malloc-large.ke,6336512,530182144,536928256,1.18,36823790804
malloc-large.ke,6049792,530468864,536928256,1.13,36823792793
malloc-large.ke,6303744,530214912,536928256,1.17,36823802422
malloc-large.ke,5865472,530653184,536928256,1.09,36823807274
malloc-large.ke,6348800,530169856,536928256,1.18,36823821343
malloc-large.ke,6094848,530423808,536928256,1.14,36823823631
malloc-large.ke,6406144,530112512,536928256,1.19,36823833152
malloc-large.ke,6045696,530472960,536928256,1.13,36823835509
malloc-large.ke,6332416,530186240,536928256,1.18,36823845197
malloc-large.ke,6037504,530481152,536928256,1.12,36823847425
malloc-large.ke,6197248,530321408,536928256,1.15,36823852068
malloc-large.ke,5984256,530534400,536928256,1.11,36823853947
malloc-large.ke,6307840,530210816,536928256,0.00,36823862782
malloc-large.ke,5861376,530657280,536928256,1.09,36837262768
malloc-large.ke,6348800,530169856,536928256,1.18,36837275156
malloc-large.ke,6164480,530354176,536928256,1.15,36837277395
malloc-large.ke,6459392,530059264,536928256,1.20,36837285936
malloc-large.ke,6254592,530264064,536928256,1.16,36837287681
malloc-large.ke,6705152,529813504,536928256,1.25,36837299235
malloc-large.ke,6410240,530108416,536928256,1.19,36837301094
malloc-large.ke,6631424,529887232,536928256,1.24,36837305494
malloc-large.ke,6307840,530210816,536928256,1.17,36837307218
malloc-large.ke,6631424,529887232,536928256,1.24,36837316457
malloc-large.ke,6496256,530022400,536928256,1.21,36837317961
malloc-large.ke,6701056,529817600,536928256,1.25,36837324576
malloc-large.ke,6496256,530022400,536928256,1.21,36837326572
malloc-large.ke,6742016,529776640,536928256,1.26,36837331594
malloc-large.ke,6520832,529997824,536928256,1.21,36837333244
malloc-large.ke,6815744,529702912,536928256,0.00,36837339442
malloc-large.ke,6529024,529989632,536928256,1.22,36847631297
malloc-large.ke,6971392,529547264,536928256,1.30,36847648711
malloc-large.ke,6569984,529948672,536928256,1.22,36847651860
malloc-large.ke,6840320,529678336,536928256,1.27,36847660573
malloc-large.ke,6594560,529924096,536928256,1.23,36847662818
malloc-large.ke,6946816,529571840,536928256,1.29,36847675053
malloc-large.ke,6606848,529911808,536928256,1.23,36847677244
malloc-large.ke,6774784,529743872,536928256,1.26,36847681004
malloc-large.ke,6414336,530104320,536928256,1.19,36847682855
malloc-large.ke,6868992,529649664,536928256,1.28,36847692970
malloc-large.ke,6426624,530092032,536928256,1.20,36847695141
malloc-large.ke,6696960,529821696,536928256,1.25,36847703761
malloc-large.ke,6373376,530145280,536928256,1.19,36847705695
malloc-large.ke,6791168,529727488,536928256,1.26,36847714480
malloc-large.ke,6631424,529887232,536928256,1.24,36847716073
malloc-large.ke,7041024,529477632,536928256,0.00,36847727288
malloc-large.ke,6729728,529788928,536928256,1.25,36859453414
malloc-large.ke,6995968,529522688,536928256,1.30,36859459815
malloc-large.ke,6725632,529793024,536928256,1.25,36859461627
malloc-large.ke,7155712,529362944,536928256,1.33,36859471735
malloc-large.ke,6672384,529846272,536928256,1.24,36859473873
malloc-large.ke,6942720,529575936,536928256,1.29,36859481674
malloc-large.ke,6660096,529858560,536928256,1.24,36859483485
malloc-large.ke,6901760,529616896,536928256,1.29,36859489157
malloc-large.ke,6524928,529993728,536928256,1.22,36859491127
malloc-large.ke,6979584,529539072,536928256,1.30,36859501668
malloc-large.ke,6524928,529993728,536928256,1.22,36859503802
malloc-large.ke,6721536,529797120,536928256,1.25,36859510438
malloc-large.ke,6557696,529960960,536928256,1.22,36859512024
malloc-large.ke,6885376,529633280,536928256,1.28,36859522897
malloc-large.ke,6533120,529985536,536928256,1.22,36859524861
malloc-large.ke,6885376,529633280,536928256,0.00,36859536655
malloc-large.ke,6434816,530083840,536928256,1.20,36869815933
malloc-large.ke,6770688,529747968,536928256,1.26,36869825117
malloc-large.ke,6352896,530165760,536928256,1.18,36869827324
malloc-large.ke,6578176,529940480,536928256,1.23,36869832326
malloc-large.ke,6410240,530108416,536928256,1.19,36869833626
malloc-large.ke,6582272,529936384,536928256,1.23,36869837057
malloc-large.ke,6311936,530206720,536928256,1.18,36869838644
malloc-large.ke,6672384,529846272,536928256,1.24,36869846413
malloc-large.ke,6217728,530300928,536928256,1.16,36869848364
malloc-large.ke,6586368,529932288,536928256,1.23,36869855561
malloc-large.ke,6217728,530300928,536928256,1.16,36869857789
malloc-large.ke,6443008,530075648,536928256,1.20,36869863420
malloc-large.ke,6148096,530370560,536928256,1.15,36869865028
malloc-large.ke,6463488,530055168,536928256,1.20,36869870466
malloc-large.ke,6111232,530407424,536928256,1.14,36869872238
malloc-large.ke,6529024,529989632,536928256,0.00,36869880486
malloc-large.ke,6201344,530317312,536928256,1.15,36881077291
malloc-large.ke,6524928,529993728,536928256,1.22,36881087993
malloc-large.ke,6299648,530219008,536928256,1.17,36881089695
malloc-large.ke,6651904,529866752,536928256,1.24,36881100867
malloc-large.ke,6410240,530108416,536928256,1.19,36881102572
malloc-large.ke,6619136,529899520,536928256,1.23,36881107605
malloc-large.ke,6352896,530165760,536928256,1.18,36881109629
malloc-large.ke,6823936,529694720,536928256,1.27,36881122396
malloc-large.ke,6471680,530046976,536928256,1.21,36881124293
malloc-large.ke,6922240,529596416,536928256,1.29,36881137242
malloc-large.ke,6434816,530083840,536928256,1.20,36881139690
malloc-large.ke,6889472,529629184,536928256,1.28,36881151518
malloc-large.ke,6418432,530100224,536928256,1.20,36881154696
malloc-large.ke,6672384,529846272,536928256,1.24,36881163063
malloc-large.ke,6213632,530305024,536928256,1.16,36881167003
malloc-large.ke,6582272,529936384,536928256,0.00,36881178876
malloc-large.ke,6250496,530268160,536928256,1.16,36891619558
malloc-large.ke,6414336,530104320,536928256,1.19,36891623635
malloc-large.ke,6189056,530329600,536928256,1.15,36891625572
malloc-large.ke,6438912,530079744,536928256,1.20,36891630881
malloc-large.ke,6078464,530440192,536928256,1.13,36891632601
malloc-large.ke,6545408,529973248,536928256,1.22,36891641563
malloc-large.ke,6381568,530137088,536928256,1.19,36891643075
malloc-large.ke,6574080,529944576,536928256,1.22,36891648475
malloc-large.ke,6144000,530374656,536928256,1.14,36891650429
malloc-large.ke,6651904,529866752,536928256,1.24,36891661180
malloc-large.ke,6459392,530059264,536928256,1.20,36891662756
malloc-large.ke,6647808,529870848,536928256,1.24,36891667912
malloc-large.ke,6324224,530194432,536928256,1.18,36891669659
malloc-large.ke,6594560,529924096,536928256,1.23,36891678827
malloc-large.ke,6176768,530341888,536928256,1.15,36891680739
malloc-large.ke,6496256,530022400,536928256,0.00,36891687839
malloc-large.ke,6127616,530391040,536928256,1.14,36903026721
malloc-large.ke,6574080,529944576,536928256,1.22,36903036979
malloc-large.ke,6164480,530354176,536928256,1.15,36903039807
malloc-large.ke,6582272,529936384,536928256,1.23,36903051691
malloc-large.ke,6385664,530132992,536928256,1.19,36903053419
malloc-large.ke,6713344,529805312,536928256,1.25,36903064775
malloc-large.ke,6504448,530014208,536928256,1.21,36903066554
malloc-large.ke,7012352,529506304,536928256,1.31,36903080277
malloc-large.ke,6762496,529756160,536928256,1.26,36903082099
malloc-large.ke,7221248,529297408,536928256,1.34,36903091259
malloc-large.ke,6754304,529764352,536928256,1.26,36903093574
malloc-large.ke,7127040,529391616,536928256,1.33,36903103152
malloc-large.ke,6955008,529563648,536928256,1.30,36903105000
malloc-large.ke,7417856,529100800,536928256,1.38,36903119725
malloc-large.ke,7049216,529469440,536928256,1.31,36903121873
malloc-large.ke,7233536,529285120,536928256,0.00,36903126537
malloc-large.ke,6963200,529555456,536928256,1.30,36913001171
malloc-large.ke,7155712,529362944,536928256,1.33,36913008684
malloc-large.ke,6930432,529588224,536928256,1.29,36913012507
malloc-large.ke,7282688,529235968,536928256,1.36,36913021366
malloc-large.ke,6959104,529559552,536928256,1.30,36913023652
malloc-large.ke,7458816,529059840,536928256,1.39,36913038217
malloc-large.ke,7122944,529395712,536928256,1.33,36913040197
malloc-large.ke,7430144,529088512,536928256,1.38,36913048264
malloc-large.ke,7122944,529395712,536928256,1.33,36913049932
malloc-large.ke,7565312,528953344,536928256,1.41,36913060297
malloc-large.ke,7122944,529395712,536928256,1.33,36913062784
malloc-large.ke,7634944,528883712,536928256,1.42,36913074136
malloc-large.ke,7307264,529211392,536928256,1.36,36913076015
malloc-large.ke,7548928,528969728,536928256,1.41,36913083163
malloc-large.ke,7086080,529432576,536928256,1.32,36913085536
malloc-large.ke,7475200,529043456,536928256,0.00,36913098577
malloc-large.ke,7290880,529227776,536928256,1.36,36923336440
malloc-large.ke,7704576,528814080,536928256,1.43,36923350335
malloc-large.ke,7204864,529313792,536928256,1.34,36923355455
malloc-large.ke,7405568,529113088,536928256,1.38,36923365967
malloc-large.ke,6959104,529559552,536928256,1.30,36923368603
malloc-large.ke,7241728,529276928,536928256,1.35,36923376663
malloc-large.ke,6791168,529727488,536928256,1.26,36923380092
malloc-large.ke,7012352,529506304,536928256,1.31,36923390407
malloc-large.ke,6823936,529694720,536928256,1.27,36923393636
malloc-large.ke,6967296,529551360,536928256,1.30,36923396998
malloc-large.ke,6766592,529752064,536928256,1.26,36923398524
malloc-large.ke,7131136,529387520,536928256,1.33,36923409889
malloc-large.ke,6815744,529702912,536928256,1.27,36923411830
malloc-large.ke,7176192,529342464,536928256,1.34,36923433833
malloc-large.ke,6983680,529534976,536928256,1.30,36923437189
malloc-large.ke,7340032,529178624,536928256,1.37,36934660151
malloc-large.ke,6926336,529592320,536928256,1.29,36934663678
malloc-large.ke,7204864,529313792,536928256,1.34,36934669416
malloc-large.ke,7061504,529457152,536928256,1.32,36934670864
malloc-large.ke,7524352,528994304,536928256,1.40,36934682803
malloc-large.ke,7106560,529412096,536928256,1.32,36934684816
malloc-large.ke,7507968,529010688,536928256,1.40,36934695182
malloc-large.ke,7000064,529518592,536928256,1.30,36934697911
malloc-large.ke,7270400,529248256,536928256,1.35,36934704237
malloc-large.ke,7000064,529518592,536928256,1.30,36934705876
malloc-large.ke,7135232,529383424,536928256,1.33,36934709539
malloc-large.ke,6864896,529653760,536928256,1.28,36934711280
malloc-large.ke,7192576,529326080,536928256,1.34,36934721484
malloc-large.ke,6909952,529608704,536928256,1.29,36934723231
malloc-large.ke,7368704,529149952,536928256,1.37,36934735703
malloc-large.ke,7016448,529502208,536928256,1.31,36934744625
malloc-large.ke,7479296,529039360,536928256,1.39,36946767426
malloc-large.ke,7344128,529174528,536928256,1.37,36946769495
malloc-large.ke,7598080,528920576,536928256,1.42,36946775919
malloc-large.ke,7225344,529293312,536928256,1.35,36946777879
malloc-large.ke,7430144,529088512,536928256,1.38,36946783136
malloc-large.ke,7110656,529408000,536928256,1.32,36946785055
malloc-large.ke,7434240,529084416,536928256,1.38,36946792510
malloc-large.ke,6971392,529547264,536928256,1.30,36946794640
malloc-large.ke,7340032,529178624,536928256,1.37,36946802161
malloc-large.ke,6983680,529534976,536928256,1.30,36946804548
malloc-large.ke,7364608,529154048,536928256,1.37,36946814568
malloc-large.ke,7110656,529408000,536928256,1.32,36946818201
malloc-large.ke,7618560,528900096,536928256,1.42,36946834299
malloc-large.ke,7106560,529412096,536928256,1.32,36946845447
malloc-large.ke,7528448,528990208,536928256,1.40,36946864547
malloc-large.ke,7139328,529379328,536928256,1.33,36946867414
malloc-large.ke,7512064,529006592,536928256,1.40,36957170853
malloc-large.ke,7139328,529379328,536928256,1.33,36957173727
malloc-large.ke,7344128,529174528,536928256,1.37,36957180781
malloc-large.ke,6836224,529682432,536928256,1.27,36957183250
malloc-large.ke,7311360,529207296,536928256,1.36,36957197057
malloc-large.ke,7106560,529412096,536928256,1.32,36957199188
malloc-large.ke,7516160,529002496,536928256,1.40,36957211402
malloc-large.ke,7008256,529510400,536928256,1.31,36957213774
malloc-large.ke,7507968,529010688,536928256,1.40,36957224548
malloc-large.ke,7049216,529469440,536928256,1.31,36957226979
malloc-large.ke,7237632,529281024,536928256,1.35,36957232951
malloc-large.ke,6873088,529645568,536928256,1.28,36957234827
malloc-large.ke,7012352,529506304,536928256,1.31,36957238605
malloc-large.ke,6590464,529928192,536928256,1.23,36957240631
malloc-large.ke,7024640,529494016,536928256,1.31,36957253208
malloc-large.ke,6561792,529956864,536928256,1.22,36957255425
malloc-large.ke,6955008,529563648,536928256,1.30,36967547963
malloc-large.ke,6594560,529924096,536928256,1.23,36967550411
malloc-large.ke,7061504,529457152,536928256,1.32,36967565313
malloc-large.ke,6873088,529645568,536928256,1.28,36967567917
malloc-large.ke,7290880,529227776,536928256,1.36,36967580484
malloc-large.ke,7086080,529432576,536928256,1.32,36967582140
malloc-large.ke,7430144,529088512,536928256,1.38,36967596588
malloc-large.ke,6975488,529543168,536928256,1.30,36967599045
malloc-large.ke,7417856,529100800,536928256,1.38,36967609311
malloc-large.ke,6983680,529534976,536928256,1.30,36967611309
malloc-large.ke,7348224,529170432,536928256,1.37,36967622613
malloc-large.ke,6938624,529580032,536928256,1.29,36967624653
malloc-large.ke,7098368,529420288,536928256,1.32,36967629612
malloc-large.ke,6639616,529879040,536928256,1.24,36967631568
malloc-large.ke,6881280,529637376,536928256,1.28,36967636643
malloc-large.ke,6537216,529981440,536928256,1.22,36967638668
malloc-large.ke,6914048,529604608,536928256,1.29,36978146586
malloc-large.ke,6590464,529928192,536928256,1.23,36978149960
malloc-large.ke,6725632,529793024,536928256,1.25,36978153696
malloc-large.ke,6447104,530071552,536928256,1.20,36978155279
malloc-large.ke,6610944,529907712,536928256,1.23,36978161526
malloc-large.ke,6217728,530300928,536928256,1.16,36978163633
malloc-large.ke,6635520,529883136,536928256,1.24,36978173428
malloc-large.ke,6414336,530104320,536928256,1.19,36978175420
malloc-large.ke,6926336,529592320,536928256,1.29,36978188906
malloc-large.ke,6414336,530104320,536928256,1.19,36978191032
malloc-large.ke,6680576,529838080,536928256,1.24,36978197185
malloc-large.ke,6262784,530255872,536928256,1.17,36978199322
malloc-large.ke,6647808,529870848,536928256,1.24,36978210405
malloc-large.ke,6262784,530255872,536928256,1.17,36978212549
malloc-large.ke,6504448,530014208,536928256,1.21,36978219759
malloc-large.ke,6135808,530382848,536928256,0.00,36978221922
malloc-large.ke,6483968,530034688,536928256,1.21,36989375423
malloc-large.ke,6041600,530477056,536928256,1.13,36989378257
malloc-large.ke,6430720,530087936,536928256,1.20,36989387566
malloc-large.ke,6176768,530341888,536928256,1.15,36989389387
malloc-large.ke,6365184,530153472,536928256,1.19,36989393565
malloc-large.ke,5865472,530653184,536928256,1.09,36989395568
malloc-large.ke,6217728,530300928,536928256,1.16,36989403232
malloc-large.ke,5869568,530649088,536928256,1.09,36989405316
malloc-large.ke,6045696,530472960,536928256,1.13,36989409527
malloc-large.ke,5693440,530825216,536928256,1.06,36989411408
malloc-large.ke,5926912,530591744,536928256,1.10,36989417002
malloc-large.ke,5685248,530833408,536928256,1.06,36989419287
malloc-large.ke,6115328,530403328,536928256,1.14,36989431022
malloc-large.ke,5955584,530563072,536928256,1.11,36989433343
malloc-large.ke,6197248,530321408,536928256,1.15,36989440357
malloc-large.ke,5722112,530796544,536928256,0.00,36989443203
malloc-large.ke,6234112,530284544,536928256,1.16,36999552160
malloc-large.ke,6057984,530460672,536928256,1.13,36999554076
malloc-large.ke,6488064,530030592,536928256,1.21,36999566950
malloc-large.ke,6348800,530169856,536928256,1.18,36999569649
malloc-large.ke,6635520,529883136,536928256,1.24,36999581431
malloc-large.ke,6205440,530313216,536928256,1.16,36999583555
malloc-large.ke,6463488,530055168,536928256,1.20,36999592890
malloc-large.ke,6205440,530313216,536928256,1.16,36999594646
malloc-large.ke,6410240,530108416,536928256,1.19,36999599079
malloc-large.ke,6168576,530350080,536928256,1.15,36999601034
malloc-large.ke,6307840,530210816,536928256,1.17,36999604247
malloc-large.ke,6144000,530374656,536928256,1.14,36999605704
malloc-large.ke,6508544,530010112,536928256,1.21,36999616827
malloc-large.ke,6127616,530391040,536928256,1.14,36999618948
malloc-large.ke,6508544,530010112,536928256,1.21,36999627643
malloc-large.ke,6303744,530214912,536928256,0.00,36999629258
malloc-large.ke,6447104,530071552,536928256,1.20,37009586968
malloc-large.ke,6307840,530210816,536928256,1.17,37009588547
malloc-large.ke,6811648,529707008,536928256,1.27,37009601388
malloc-large.ke,6344704,530173952,536928256,1.18,37009603719
malloc-large.ke,6696960,529821696,536928256,1.25,37009610169
malloc-large.ke,6193152,530325504,536928256,1.15,37009612215
malloc-large.ke,6377472,530141184,536928256,1.19,37009618323
malloc-large.ke,5996544,530522112,536928256,1.12,37009620415
malloc-large.ke,6225920,530292736,536928256,1.16,37009626848
malloc-large.ke,6082560,530436096,536928256,1.13,37009628589
malloc-large.ke,6217728,530300928,536928256,1.16,37009631839
malloc-large.ke,6082560,530436096,536928256,1.13,37009633480
malloc-large.ke,6479872,530038784,536928256,1.21,37009650094
malloc-large.ke,6049792,530468864,536928256,1.13,37009654527
malloc-large.ke,6352896,530165760,536928256,1.18,37009662403
malloc-large.ke,6168576,530350080,536928256,0.00,37009664388
malloc-large.ke,6598656,529920000,536928256,1.23,37019478727
malloc-large.ke,6234112,530284544,536928256,1.16,37019481047
malloc-large.ke,6475776,530042880,536928256,1.21,37019486359
malloc-large.ke,5963776,530554880,536928256,1.11,37019488453
malloc-large.ke,6361088,530157568,536928256,1.18,37019497130
malloc-large.ke,6119424,530399232,536928256,1.14,37019499503
malloc-large.ke,6463488,530055168,536928256,1.20,37019507848
malloc-large.ke,6119424,530399232,536928256,1.14,37019509607
malloc-large.ke,6324224,530194432,536928256,1.18,37019514466
malloc-large.ke,5926912,530591744,536928256,1.10,37019516343
malloc-large.ke,6352896,530165760,536928256,1.18,37019525951
malloc-large.ke,6164480,530354176,536928256,1.15,37019527586
malloc-large.ke,6520832,529997824,536928256,1.21,37019533919
malloc-large.ke,6279168,530239488,536928256,1.17,37019535520
malloc-large.ke,6676480,529842176,536928256,1.24,37019546121
malloc-large.ke,6279168,530239488,536928256,0.00,37019548075
malloc-large.ke,6717440,529801216,536928256,1.25,37030079627
malloc-large.ke,6451200,530067456,536928256,1.20,37030082428
malloc-large.ke,6594560,529924096,536928256,1.23,37030086882
malloc-large.ke,6205440,530313216,536928256,1.16,37030090181
malloc-large.ke,6709248,529809408,536928256,1.25,37030115262
malloc-large.ke,6504448,530014208,536928256,1.21,37030118735
malloc-large.ke,6725632,529793024,536928256,1.25,37030130168
malloc-large.ke,6483968,530034688,536928256,1.21,37030133355
malloc-large.ke,6844416,529674240,536928256,1.27,37030143691
malloc-large.ke,6479872,530038784,536928256,1.21,37030145841
malloc-large.ke,6934528,529584128,536928256,1.29,37030160098
malloc-large.ke,6799360,529719296,536928256,1.27,37030161871
malloc-large.ke,7032832,529485824,536928256,1.31,37030173793
malloc-large.ke,6602752,529915904,536928256,1.23,37030177346
malloc-large.ke,7061504,529457152,536928256,1.32,37030249875
malloc-large.ke,6701056,529817600,536928256,0.00,37030252901
malloc-large.ke,7180288,529338368,536928256,1.34,37041368655
malloc-large.ke,6877184,529641472,536928256,1.28,37041370585
malloc-large.ke,7135232,529383424,536928256,1.33,37041376089
malloc-large.ke,6680576,529838080,536928256,1.24,37041378437
malloc-large.ke,7176192,529342464,536928256,1.34,37041387196
malloc-large.ke,6799360,529719296,536928256,1.27,37041389028
malloc-large.ke,7106560,529412096,536928256,1.32,37041397701
malloc-large.ke,6680576,529838080,536928256,1.24,37041400065
malloc-large.ke,7143424,529375232,536928256,1.33,37041410441
malloc-large.ke,6647808,529870848,536928256,1.24,37041412581
malloc-large.ke,7086080,529432576,536928256,1.32,37041421005
malloc-large.ke,6828032,529690624,536928256,1.27,37041422634
malloc-large.ke,7114752,529403904,536928256,1.33,37041430885
malloc-large.ke,6828032,529690624,536928256,1.27,37041432562
malloc-large.ke,7036928,529481728,536928256,1.31,37041438127
malloc-large.ke,6639616,529879040,536928256,0.00,37041440075
malloc-large.ke,6836224,529682432,536928256,1.27,37051122215
malloc-large.ke,6483968,530034688,536928256,1.21,37051124210
malloc-large.ke,6955008,529563648,536928256,1.30,37051135101
malloc-large.ke,6516736,530001920,536928256,1.21,37051137143
malloc-large.ke,6651904,529866752,536928256,1.24,37051145242
malloc-large.ke,6189056,530329600,536928256,1.15,37051147416
malloc-large.ke,6606848,529911808,536928256,1.23,37051159361
malloc-large.ke,6250496,530268160,536928256,1.16,37051164645
malloc-large.ke,6443008,530075648,536928256,1.20,37051173650
malloc-large.ke,6156288,530362368,536928256,1.15,37051177301
malloc-large.ke,6635520,529883136,536928256,1.24,37051189794
malloc-large.ke,6164480,530354176,536928256,1.15,37051191983
malloc-large.ke,6664192,529854464,536928256,1.24,37051203007
malloc-large.ke,6184960,530333696,536928256,1.15,37051205104
malloc-large.ke,6352896,530165760,536928256,1.18,37051208535
malloc-large.ke,6119424,530399232,536928256,0.00,37051209972
malloc-large.ke,6287360,530231296,536928256,1.17,37061299219
malloc-large.ke,5783552,530735104,536928256,1.08,37061303164
malloc-large.ke,5984256,530534400,536928256,1.11,37061313151
malloc-large.ke,5849088,530669568,536928256,1.09,37061315948
malloc-large.ke,6123520,530395136,536928256,1.14,37061323626
malloc-large.ke,5902336,530616320,536928256,1.10,37061325474
malloc-large.ke,6377472,530141184,536928256,1.19,37061337841
malloc-large.ke,5976064,530542592,536928256,1.11,37061340022
malloc-large.ke,6111232,530407424,536928256,1.14,37061343178
malloc-large.ke,5652480,530866176,536928256,1.05,37061345443
malloc-large.ke,6086656,530432000,536928256,1.13,37061357283
malloc-large.ke,5853184,530665472,536928256,1.09,37061359100
malloc-large.ke,6356992,530161664,536928256,1.18,37061369645
malloc-large.ke,5881856,530636800,536928256,1.10,37061372009
malloc-large.ke,6135808,530382848,536928256,1.14,37061380642
malloc-large.ke,6000640,530518016,536928256,0.00,37061382272
malloc-large.ke,6483968,530034688,536928256,1.21,37071458320
malloc-large.ke,6045696,530472960,536928256,1.13,37071460823
malloc-large.ke,6258688,530259968,536928256,1.17,37071467430
malloc-large.ke,6004736,530513920,536928256,1.12,37071469340
malloc-large.ke,6311936,530206720,536928256,1.18,37071478751
malloc-large.ke,6119424,530399232,536928256,1.14,37071480556
malloc-large.ke,6352896,530165760,536928256,1.18,37071486035
malloc-large.ke,6045696,530472960,536928256,1.13,37071488517
malloc-large.ke,6352896,530165760,536928256,1.18,37071498090
malloc-large.ke,6209536,530309120,536928256,1.16,37071500024
malloc-large.ke,6656000,529862656,536928256,1.24,37071520525
malloc-large.ke,6238208,530280448,536928256,1.16,37071523581
malloc-large.ke,6647808,529870848,536928256,1.24,37071534527
malloc-large.ke,6168576,530350080,536928256,1.15,37071537157
malloc-large.ke,6328320,530190336,536928256,1.18,37071542144
malloc-large.ke,5824512,530694144,536928256,0.00,37071545510
malloc-large.ke,6033408,530485248,536928256,1.12,37082435811
malloc-large.ke,5599232,530919424,536928256,1.04,37082437964
malloc-large.ke,5955584,530563072,536928256,1.11,37082445456
malloc-large.ke,5537792,530980864,536928256,1.03,37082448551
malloc-large.ke,5922816,530595840,536928256,1.10,37082462914
malloc-large.ke,5513216,531005440,536928256,1.03,37082465375
malloc-large.ke,5955584,530563072,536928256,1.11,37082476949
malloc-large.ke,5746688,530771968,536928256,1.07,37082478540
malloc-large.ke,6008832,530509824,536928256,1.12,37082484537
malloc-large.ke,5701632,530817024,536928256,1.06,37082488114
malloc-large.ke,6082560,530436096,536928256,1.13,37082496990
malloc-large.ke,5701632,530817024,536928256,1.06,37082499404
malloc-large.ke,6193152,530325504,536928256,1.15,37082512163
malloc-large.ke,6025216,530493440,536928256,1.12,37082513702
malloc-large.ke,6307840,530210816,536928256,1.17,37082520700
malloc-large.ke,6098944,530419712,536928256,0.00,37082522489
malloc-large.ke,6377472,530141184,536928256,1.19,37092601528
malloc-large.ke,6176768,530341888,536928256,1.15,37092603398
malloc-large.ke,6471680,530046976,536928256,1.21,37092610408
malloc-large.ke,5988352,530530304,536928256,1.12,37092612610
malloc-large.ke,6418432,530100224,536928256,1.20,37092624664
malloc-large.ke,5926912,530591744,536928256,1.10,37092626995
malloc-large.ke,6287360,530231296,536928256,1.17,37092637008
malloc-large.ke,5980160,530538496,536928256,1.11,37092639054
malloc-large.ke,6225920,530292736,536928256,1.16,37092644062
malloc-large.ke,5898240,530620416,536928256,1.10,37092645849
malloc-large.ke,6348800,530169856,536928256,1.18,37092660314
malloc-large.ke,6115328,530403328,536928256,1.14,37092663630
malloc-large.ke,6369280,530149376,536928256,1.19,37092672937
malloc-large.ke,6123520,530395136,536928256,1.14,37092674777
malloc-large.ke,6578176,529940480,536928256,1.23,37092682626
malloc-large.ke,6221824,530296832,536928256,0.00,37092684575
malloc-large.ke,6397952,530120704,536928256,1.19,37102779388
malloc-large.ke,6037504,530481152,536928256,1.12,37102781483
malloc-large.ke,6537216,529981440,536928256,1.22,37102794505
malloc-large.ke,6152192,530366464,536928256,1.15,37102796827
malloc-large.ke,6410240,530108416,536928256,1.19,37102803872
malloc-large.ke,6213632,530305024,536928256,1.16,37102805569
malloc-large.ke,6422528,530096128,536928256,1.20,37102812378
malloc-large.ke,5992448,530526208,536928256,1.12,37102814578
malloc-large.ke,6266880,530251776,536928256,1.17,37102822732
malloc-large.ke,5988352,530530304,536928256,1.12,37102824479
malloc-large.ke,6246400,530272256,536928256,1.16,37102830201
malloc-large.ke,6078464,530440192,536928256,1.13,37102831743
malloc-large.ke,6553600,529965056,536928256,1.22,37102842136
malloc-large.ke,6295552,530223104,536928256,1.17,37102843782
malloc-large.ke,6430720,530087936,536928256,1.20,37102847279
malloc-large.ke,5931008,530587648,536928256,1.10,37112895430
malloc-large.ke,6385664,530132992,536928256,1.19,37112912744
malloc-large.ke,6111232,530407424,536928256,1.14,37112917334
malloc-large.ke,6590464,529928192,536928256,1.23,37112932630
malloc-large.ke,6377472,530141184,536928256,1.19,37112936587
malloc-large.ke,6688768,529829888,536928256,1.25,37112947628
malloc-large.ke,6512640,530006016,536928256,1.21,37112949854
malloc-large.ke,6819840,529698816,536928256,1.27,37112960655
malloc-large.ke,6545408,529973248,536928256,1.22,37112962507
malloc-large.ke,6950912,529567744,536928256,1.29,37112971988
malloc-large.ke,6791168,529727488,536928256,1.26,37112973579
malloc-large.ke,7098368,529420288,536928256,1.32,37112979572
malloc-large.ke,6787072,529731584,536928256,1.26,37112981571
malloc-large.ke,7208960,529309696,536928256,1.34,37112992468
malloc-large.ke,6766592,529752064,536928256,1.26,37112994527
malloc-large.ke,7221248,529297408,536928256,1.34,37113008256
malloc-large.ke,7086080,529432576,536928256,1.32,37123923950
malloc-large.ke,7512064,529006592,536928256,1.40,37123939787
malloc-large.ke,7282688,529235968,536928256,1.36,37123941825
malloc-large.ke,7696384,528822272,536928256,1.43,37123954779
malloc-large.ke,7389184,529129472,536928256,1.38,37123956540
malloc-large.ke,7720960,528797696,536928256,1.44,37123962846
malloc-large.ke,7307264,529211392,536928256,1.36,37123965072
malloc-large.ke,7442432,529076224,536928256,1.39,37123968631
malloc-large.ke,6987776,529530880,536928256,1.30,37123970594
malloc-large.ke,7434240,529084416,536928256,1.38,37123985719
malloc-large.ke,7028736,529489920,536928256,1.31,37123988127
malloc-large.ke,7516160,529002496,536928256,1.40,37124003882
malloc-large.ke,7380992,529137664,536928256,1.37,37124006309
malloc-large.ke,7602176,528916480,536928256,1.42,37124011814
malloc-large.ke,7127040,529391616,536928256,1.33,37124013837
malloc-large.ke,7495680,529022976,536928256,1.40,37124022993
malloc-large.ke,7213056,529305600,536928256,1.34,37135712572
malloc-large.ke,7356416,529162240,536928256,1.37,37135717365
malloc-large.ke,7024640,529494016,536928256,1.31,37135719484
malloc-large.ke,7249920,529268736,536928256,1.35,37135724783
malloc-large.ke,6942720,529575936,536928256,1.29,37135726730
malloc-large.ke,7405568,529113088,536928256,1.38,37135740285
malloc-large.ke,6959104,529559552,536928256,1.30,37135742685
malloc-large.ke,7356416,529162240,536928256,1.37,37135758229
malloc-large.ke,7147520,529371136,536928256,1.33,37135760605
malloc-large.ke,7315456,529203200,536928256,1.36,37135766109
malloc-large.ke,6836224,529682432,536928256,1.27,37135768239
malloc-large.ke,7102464,529416192,536928256,1.32,37135775153
malloc-large.ke,6848512,529670144,536928256,1.28,37135776838
malloc-large.ke,7299072,529219584,536928256,1.36,37135788194
malloc-large.ke,6811648,529707008,536928256,1.27,37135790511
malloc-large.ke,7004160,529514496,536928256,1.30,37135796405
malloc-large.ke,6549504,529969152,536928256,1.22,37146367493
malloc-large.ke,6987776,529530880,536928256,1.30,37146376374
malloc-large.ke,6766592,529752064,536928256,1.26,37146378555
malloc-large.ke,6922240,529596416,536928256,1.29,37146383523
malloc-large.ke,6422528,530096128,536928256,1.20,37146385766
malloc-large.ke,6627328,529891328,536928256,1.23,37146393019
malloc-large.ke,6471680,530046976,536928256,1.21,37146394661
malloc-large.ke,6807552,529711104,536928256,1.27,37146405906
malloc-large.ke,6381568,530137088,536928256,1.19,37146408160
malloc-large.ke,6680576,529838080,536928256,1.24,37146417328
malloc-large.ke,6217728,530300928,536928256,1.16,37146419883
malloc-large.ke,6656000,529862656,536928256,1.24,37146429540
malloc-large.ke,6209536,530309120,536928256,1.16,37146431536
malloc-large.ke,6402048,530116608,536928256,1.19,37146436392
malloc-large.ke,6107136,530411520,536928256,1.14,37146438978
malloc-large.ke,6365184,530153472,536928256,1.19,37146445571
malloc-large.ke,6221824,530296832,536928256,1.16,37156386199
malloc-large.ke,6635520,529883136,536928256,1.24,37156397974
malloc-large.ke,6184960,530333696,536928256,1.15,37156400881
malloc-large.ke,6459392,530059264,536928256,1.20,37156406590
malloc-large.ke,6193152,530325504,536928256,1.15,37156408207
malloc-large.ke,6393856,530124800,536928256,1.19,37156414607
malloc-large.ke,5996544,530522112,536928256,1.12,37156416658
malloc-large.ke,6266880,530251776,536928256,1.17,37156425389
malloc-large.ke,6098944,530419712,536928256,1.14,37156426979
malloc-large.ke,6373376,530145280,536928256,1.19,37156434912
malloc-large.ke,5959680,530558976,536928256,1.11,37156436885
malloc-large.ke,6467584,530051072,536928256,1.20,37156450715
malloc-large.ke,6266880,530251776,536928256,1.17,37156452630
malloc-large.ke,6418432,530100224,536928256,1.20,37156457793
malloc-large.ke,6160384,530358272,536928256,1.15,37156459645
malloc-large.ke,6422528,530096128,536928256,0.00,37156467066
malloc-large.ke,5971968,530546688,536928256,1.11,37167741173
malloc-large.ke,6139904,530378752,536928256,1.14,37167747084
malloc-large.ke,5877760,530640896,536928256,1.09,37167749008
malloc-large.ke,6328320,530190336,536928256,1.18,37167761066
malloc-large.ke,6135808,530382848,536928256,1.14,37167763026
malloc-large.ke,6303744,530214912,536928256,1.17,37167767510
malloc-large.ke,5853184,530665472,536928256,1.09,37167769372
malloc-large.ke,6250496,530268160,536928256,1.16,37167779491
malloc-large.ke,5812224,530706432,536928256,1.08,37167781484
malloc-large.ke,6164480,530354176,536928256,1.15,37167789088
malloc-large.ke,5939200,530579456,536928256,1.11,37167790744
malloc-large.ke,6258688,530259968,536928256,1.17,37167798940
malloc-large.ke,6000640,530518016,536928256,1.12,37167800616
malloc-large.ke,6348800,530169856,536928256,1.18,37167810687
malloc-large.ke,6180864,530337792,536928256,1.15,37167812177
malloc-large.ke,6434816,530083840,536928256,0.00,37167817605
malloc-large.ke,6242304,530276352,536928256,1.16,37181069110
malloc-large.ke,6750208,529768448,536928256,1.26,37181085881
malloc-large.ke,6414336,530104320,536928256,1.19,37181088190
malloc-large.ke,6905856,529612800,536928256,1.29,37181104500
malloc-large.ke,6701056,529817600,536928256,1.25,37181106522
malloc-large.ke,6983680,529534976,536928256,1.30,37181115024
malloc-large.ke,6529024,529989632,536928256,1.22,37181117508
malloc-large.ke,7020544,529498112,536928256,1.31,37181132605
malloc-large.ke,6529024,529989632,536928256,1.22,37181135711
malloc-large.ke,6819840,529698816,536928256,1.27,37181144149
malloc-large.ke,6467584,530051072,536928256,1.20,37181146469
malloc-large.ke,6664192,529854464,536928256,1.24,37181151753
malloc-large.ke,6496256,530022400,536928256,1.21,37181153839
malloc-large.ke,6762496,529756160,536928256,1.26,37181160763
malloc-large.ke,6492160,530026496,536928256,1.21,37181163037
malloc-large.ke,6926336,529592320,536928256,0.00,37181173237
malloc-large.ke,6504448,530014208,536928256,1.21,37193011105
malloc-large.ke,6840320,529678336,536928256,1.27,37193020956
malloc-large.ke,6643712,529874944,536928256,1.24,37193022781
malloc-large.ke,7073792,529444864,536928256,1.32,37193033576
malloc-large.ke,6643712,529874944,536928256,1.24,37193035553
malloc-large.ke,6795264,529723392,536928256,1.27,37193039518
malloc-large.ke,6361088,530157568,536928256,1.18,37193043256
malloc-large.ke,6791168,529727488,536928256,1.26,37193052763
malloc-large.ke,6283264,530235392,536928256,1.17,37193055017
malloc-large.ke,6529024,529989632,536928256,1.22,37193063430
malloc-large.ke,6193152,530325504,536928256,1.15,37193065410
malloc-large.ke,6606848,529911808,536928256,1.23,37193076081
malloc-large.ke,6258688,530259968,536928256,1.17,37193077986
malloc-large.ke,6750208,529768448,536928256,1.26,37193090521
malloc-large.ke,6475776,530042880,536928256,1.21,37193092287
malloc-large.ke,6860800,529657856,536928256,0.00,37193104310
malloc-large.ke,6606848,529911808,536928256,1.23,37203752691
malloc-large.ke,7028736,529489920,536928256,1.31,37203761994
malloc-large.ke,6606848,529911808,536928256,1.23,37203764060
malloc-large.ke,7090176,529428480,536928256,1.32,37203774264
malloc-large.ke,6606848,529911808,536928256,1.23,37203776540
malloc-large.ke,6922240,529596416,536928256,1.29,37203783781
malloc-large.ke,6660096,529858560,536928256,1.24,37203785613
malloc-large.ke,14381056,522137600,536928256,2.68,37203903231
malloc-large.ke,13967360,522551296,536928256,2.60,37203906281
malloc-large.ke,14299136,522219520,536928256,2.66,37203914071
malloc-large.ke,13869056,522649600,536928256,2.58,37203916124
malloc-large.ke,14008320,522510336,536928256,2.61,37203919732
malloc-large.ke,13733888,522784768,536928256,2.56,37203921335
malloc-large.ke,13946880,522571776,536928256,2.60,37203928317
malloc-large.ke,13615104,522903552,536928256,2.54,37203930914
malloc-large.ke,13815808,522702848,536928256,0.00,37203936239
malloc-large.ke,13676544,522842112,536928256,2.55,37214410192
malloc-large.ke,13910016,522608640,536928256,2.59,37214415956
malloc-large.ke,13758464,522760192,536928256,2.56,37214417429
malloc-large.ke,13910016,522608640,536928256,2.59,37214424221
malloc-large.ke,13709312,522809344,536928256,2.55,37214425960
malloc-large.ke,14123008,522395648,536928256,2.63,37214435488
malloc-large.ke,13910016,522608640,536928256,2.59,37214437163
malloc-large.ke,14393344,522125312,536928256,2.68,37214455743
malloc-large.ke,14241792,522276864,536928256,2.65,37214457405
malloc-large.ke,14405632,522113024,536928256,2.68,37214463178
malloc-large.ke,6684672,529833984,536928256,1.24,37214479518
malloc-large.ke,6934528,529584128,536928256,1.29,37214486360
malloc-large.ke,6443008,530075648,536928256,1.20,37214488655
malloc-large.ke,6922240,529596416,536928256,1.29,37214500864
malloc-large.ke,6770688,529747968,536928256,1.26,37214502474
malloc-large.ke,7237632,529281024,536928256,1.35,37224960385
malloc-large.ke,7073792,529444864,536928256,1.32,37224962526
malloc-large.ke,7266304,529252352,536928256,1.35,37224968043
malloc-large.ke,7032832,529485824,536928256,1.31,37224969686
malloc-large.ke,7413760,529104896,536928256,1.38,37224979250
malloc-large.ke,6930432,529588224,536928256,1.29,37224981325
malloc-large.ke,7372800,529145856,536928256,1.37,37224993377
malloc-large.ke,6905856,529612800,536928256,1.29,37224995420
malloc-large.ke,7057408,529461248,536928256,1.31,37224999139
malloc-large.ke,6864896,529653760,536928256,1.28,37225000587
malloc-large.ke,7192576,529326080,536928256,1.34,37225009352
malloc-large.ke,6701056,529817600,536928256,1.25,37225011428
malloc-large.ke,7057408,529461248,536928256,1.31,37225025156
malloc-large.ke,6766592,529752064,536928256,1.26,37225027866
malloc-large.ke,6918144,529600512,536928256,1.29,37225035382
malloc-large.ke,6590464,529928192,536928256,1.23,37225038158
malloc-large.ke,7094272,529424384,536928256,1.32,37236260716
malloc-large.ke,6774784,529743872,536928256,1.26,37236263321
malloc-large.ke,7135232,529383424,536928256,1.33,37236271328
malloc-large.ke,6692864,529825792,536928256,1.25,37236273580
malloc-large.ke,6836224,529682432,536928256,1.27,37236278297
malloc-large.ke,6332416,530186240,536928256,1.18,37236281143
malloc-large.ke,6471680,530046976,536928256,1.21,37236286339
malloc-large.ke,6111232,530407424,536928256,1.14,37236288314
malloc-large.ke,6574080,529944576,536928256,1.22,37236302582
malloc-large.ke,6217728,530300928,536928256,1.16,37236304717
malloc-large.ke,6668288,529850368,536928256,1.24,37236319064
malloc-large.ke,6402048,530116608,536928256,1.19,37236321181
malloc-large.ke,6676480,529842176,536928256,1.24,37236327623
malloc-large.ke,6402048,530116608,536928256,1.19,37236329445
malloc-large.ke,6778880,529739776,536928256,1.26,37236337477
malloc-large.ke,6463488,530055168,536928256,1.20,37236339836
malloc-large.ke,6934528,529584128,536928256,1.29,37247777406
malloc-large.ke,6496256,530022400,536928256,1.21,37247781856
malloc-large.ke,6836224,529682432,536928256,1.27,37247793343
malloc-large.ke,6422528,530096128,536928256,1.20,37247797751
malloc-large.ke,6594560,529924096,536928256,1.23,37247803302
malloc-large.ke,6217728,530300928,536928256,1.16,37247806715
malloc-large.ke,6504448,530014208,536928256,1.21,37247816653
malloc-large.ke,6332416,530186240,536928256,1.18,37247818897
malloc-large.ke,6647808,529870848,536928256,1.24,37247825583
malloc-large.ke,6508544,530010112,536928256,1.21,37247827870
malloc-large.ke,6774784,529743872,536928256,1.26,37247834302
malloc-large.ke,6303744,530214912,536928256,1.17,37247836756
malloc-large.ke,6713344,529805312,536928256,1.25,37247846104
malloc-large.ke,6332416,530186240,536928256,1.18,37247848450
malloc-large.ke,6578176,529940480,536928256,1.23,37247859749
malloc-large.ke,6168576,530350080,536928256,1.15,37247864879
malloc-large.ke,6615040,529903616,536928256,1.23,37259033620
malloc-large.ke,6107136,530411520,536928256,1.14,37259037002
malloc-large.ke,6569984,529948672,536928256,1.22,37259052772
malloc-large.ke,6418432,530100224,536928256,1.20,37259054980
malloc-large.ke,6615040,529903616,536928256,1.23,37259062316
malloc-large.ke,6135808,530382848,536928256,1.14,37259064855
malloc-large.ke,6512640,530006016,536928256,1.21,37259075020
malloc-large.ke,6369280,530149376,536928256,1.19,37259076699
malloc-large.ke,6647808,529870848,536928256,1.24,37259084233
malloc-large.ke,6365184,530153472,536928256,1.19,37259087742
malloc-large.ke,6574080,529944576,536928256,1.22,37259099143
malloc-large.ke,6258688,530259968,536928256,1.17,37259105287
malloc-large.ke,6586368,529932288,536928256,1.23,37259117559
malloc-large.ke,6299648,530219008,536928256,1.17,37259122877
malloc-large.ke,6512640,530006016,536928256,1.21,37259131815
malloc-large.ke,6184960,530333696,536928256,1.15,37259135751
malloc-large.ke,6672384,529846272,536928256,1.24,37269577818
malloc-large.ke,6221824,530296832,536928256,1.16,37269580338
malloc-large.ke,6492160,530026496,536928256,1.21,37269585693
malloc-large.ke,6029312,530489344,536928256,1.12,37269587674
malloc-large.ke,6471680,530046976,536928256,1.21,37269599190
malloc-large.ke,6201344,530317312,536928256,1.15,37269601161
malloc-large.ke,6467584,530051072,536928256,1.20,37269606520
malloc-large.ke,6004736,530513920,536928256,1.12,37269608500
malloc-large.ke,6320128,530198528,536928256,1.18,37269617274
malloc-large.ke,6111232,530407424,536928256,1.14,37269619559
malloc-large.ke,6541312,529977344,536928256,1.22,37269630580
malloc-large.ke,6275072,530243584,536928256,1.17,37269632554
malloc-large.ke,6725632,529793024,536928256,1.25,37269647124
malloc-large.ke,6479872,530038784,536928256,1.21,37269649579
malloc-large.ke,6647808,529870848,536928256,1.24,37269654154
malloc-large.ke,6369280,530149376,536928256,0.00,37269656032
malloc-large.ke,6569984,529948672,536928256,1.22,37280311248
malloc-large.ke,6270976,530247680,536928256,1.17,37280313650
malloc-large.ke,6443008,530075648,536928256,1.20,37280318493
malloc-large.ke,6242304,530276352,536928256,1.16,37280320338
malloc-large.ke,6524928,529993728,536928256,1.22,37280327605
malloc-large.ke,6037504,530481152,536928256,1.12,37280329824
malloc-large.ke,6324224,530194432,536928256,1.18,37280338267
malloc-large.ke,6037504,530481152,536928256,1.12,37280340285
malloc-large.ke,6549504,529969152,536928256,1.22,37280353986
malloc-large.ke,6164480,530354176,536928256,1.15,37280357617
malloc-large.ke,36118528,500400128,536928256,6.73,37280823871
malloc-large.ke,35688448,500830208,536928256,6.65,37280826817
malloc-large.ke,36073472,500445184,536928256,6.72,37280844497
malloc-large.ke,35676160,500842496,536928256,6.64,37280847039
malloc-large.ke,35909632,500609024,536928256,6.69,37280857017
malloc-large.ke,35463168,501055488,536928256,0.00,37280860013
malloc-large.ke,35741696,500776960,536928256,6.66,37294302394
malloc-large.ke,35373056,501145600,536928256,6.59,37294305355
malloc-large.ke,35557376,500961280,536928256,6.62,37294313167
malloc-large.ke,35045376,501473280,536928256,6.53,37294317460
malloc-large.ke,35528704,500989952,536928256,6.62,37294344658
malloc-large.ke,35360768,501157888,536928256,6.59,37294349815
malloc-large.ke,35766272,500752384,536928256,6.66,37294365715
malloc-large.ke,35594240,500924416,536928256,6.63,37294367907
malloc-large.ke,36065280,500453376,536928256,6.72,37294385081
malloc-large.ke,6111232,530407424,536928256,1.14,37294459153
malloc-large.ke,6307840,530210816,536928256,1.17,37294465602
malloc-large.ke,6041600,530477056,536928256,1.13,37294468106
malloc-large.ke,6496256,530022400,536928256,1.21,37294490983
malloc-large.ke,6156288,530362368,536928256,1.15,37294500321
malloc-large.ke,6385664,530132992,536928256,1.19,37294511903
malloc-large.ke,5980160,530538496,536928256,0.00,37294516247
malloc-large.ke,6406144,530112512,536928256,1.19,37306793647
malloc-large.ke,5951488,530567168,536928256,1.11,37306797021
malloc-large.ke,6107136,530411520,536928256,1.14,37306802325
malloc-large.ke,5857280,530661376,536928256,1.09,37306804710
malloc-large.ke,6283264,530235392,536928256,1.17,37306816080
malloc-large.ke,6053888,530464768,536928256,1.13,37306818795
malloc-large.ke,6291456,530227200,536928256,1.17,37306826558
malloc-large.ke,6107136,530411520,536928256,1.14,37306829387
malloc-large.ke,6549504,529969152,536928256,1.22,37306845846
malloc-large.ke,6164480,530354176,536928256,1.15,37306848621
malloc-large.ke,6623232,529895424,536928256,1.23,37306859003
malloc-large.ke,6139904,530378752,536928256,1.14,37306861333
malloc-large.ke,6332416,530186240,536928256,1.18,37306865285
malloc-large.ke,6086656,530432000,536928256,1.13,37306866888
malloc-large.ke,6266880,530251776,536928256,1.17,37306875303
malloc-large.ke,6070272,530448384,536928256,0.00,37306877710
malloc-large.ke,6443008,530075648,536928256,1.20,37317395980
malloc-large.ke,5971968,530546688,536928256,1.11,37317398518
malloc-large.ke,6111232,530407424,536928256,1.14,37317403379
malloc-large.ke,5795840,530722816,536928256,1.08,37317405111
malloc-large.ke,6160384,530358272,536928256,1.15,37317413501
malloc-large.ke,5718016,530800640,536928256,1.06,37317415546
malloc-large.ke,6008832,530509824,536928256,1.12,37317423945
malloc-large.ke,5582848,530935808,536928256,1.04,37317426011
malloc-large.ke,5799936,530718720,536928256,1.08,37317433618
malloc-large.ke,5423104,531095552,536928256,1.01,37317435582
malloc-large.ke,5689344,530829312,536928256,1.06,37317446911
malloc-large.ke,5451776,531066880,536928256,1.02,37317449296
malloc-large.ke,5734400,530784256,536928256,1.07,37317460723
malloc-large.ke,5468160,531050496,536928256,1.02,37317463267
malloc-large.ke,5812224,530706432,536928256,1.08,37317472515
malloc-large.ke,5353472,531165184,536928256,0.00,37317474712
malloc-large.ke,5840896,530677760,536928256,1.09,37327920935
malloc-large.ke,5558272,530960384,536928256,1.04,37327924588
malloc-large.ke,6033408,530485248,536928256,1.12,37327951766
malloc-large.ke,5894144,530624512,536928256,1.10,37327956555
malloc-large.ke,6168576,530350080,536928256,1.15,37327970479
malloc-large.ke,5693440,530825216,536928256,1.06,37327975167
malloc-large.ke,5963776,530554880,536928256,1.11,37327991816
malloc-large.ke,5513216,531005440,536928256,1.03,37327994648
malloc-large.ke,5799936,530718720,536928256,1.08,37328007859
malloc-large.ke,5582848,530935808,536928256,1.04,37328010168
malloc-large.ke,5775360,530743296,536928256,1.08,37328015821
malloc-large.ke,5619712,530898944,536928256,1.05,37328018908
malloc-large.ke,6090752,530427904,536928256,1.13,37328031709
malloc-large.ke,5619712,530898944,536928256,1.05,37328035017
malloc-large.ke,6131712,530386944,536928256,1.14,37328047536
malloc-large.ke,5844992,530673664,536928256,1.09,37341810619
malloc-large.ke,6213632,530305024,536928256,1.16,37341824630
malloc-large.ke,5771264,530747392,536928256,1.07,37341827365
malloc-large.ke,6164480,530354176,536928256,1.15,37341841313
malloc-large.ke,5738496,530780160,536928256,1.07,37341843932
malloc-large.ke,6209536,530309120,536928256,1.16,37341859469
malloc-large.ke,5926912,530591744,536928256,1.10,37341862291
malloc-large.ke,6316032,530202624,536928256,1.18,37341871690
malloc-large.ke,6037504,530481152,536928256,1.12,37341873783
malloc-large.ke,6242304,530276352,536928256,1.16,37341879089
malloc-large.ke,6090752,530427904,536928256,1.13,37341881160
malloc-large.ke,6332416,530186240,536928256,1.18,37341888825
malloc-large.ke,5939200,530579456,536928256,1.11,37341891443
malloc-large.ke,6156288,530362368,536928256,1.15,37341898759
malloc-large.ke,5963776,530554880,536928256,1.11,37341900550
malloc-large.ke,6389760,530128896,536928256,1.19,37341914416
malloc-large.ke,5902336,530616320,536928256,1.10,37354622598
malloc-large.ke,6414336,530104320,536928256,1.19,37354634211
malloc-large.ke,6180864,530337792,536928256,1.15,37354635925
malloc-large.ke,6565888,529952768,536928256,1.22,37354650315
malloc-large.ke,6324224,530194432,536928256,1.18,37354652778
malloc-large.ke,6479872,530038784,536928256,1.21,37354656616
malloc-large.ke,6090752,530427904,536928256,1.13,37354664516
malloc-large.ke,6414336,530104320,536928256,1.19,37354675308
malloc-large.ke,6041600,530477056,536928256,1.13,37354679551
malloc-large.ke,6303744,530214912,536928256,1.17,37354689102
malloc-large.ke,6148096,530370560,536928256,1.15,37354691721
malloc-large.ke,6373376,530145280,536928256,1.19,37354699320
malloc-large.ke,6168576,530350080,536928256,1.15,37354701828
malloc-large.ke,6430720,530087936,536928256,1.20,37354706999
malloc-large.ke,5918720,530599936,536928256,1.10,37354710068
malloc-large.ke,6148096,530370560,536928256,1.15,37354716227
malloc-large.ke,5763072,530755584,536928256,1.07,37369342475
malloc-large.ke,6275072,530243584,536928256,1.17,37369360866
malloc-large.ke,5984256,530534400,536928256,1.11,37369363613
malloc-large.ke,6381568,530137088,536928256,1.19,37369376336
malloc-large.ke,6119424,530399232,536928256,1.14,37369378661
malloc-large.ke,6545408,529973248,536928256,1.22,37369393672
malloc-large.ke,6119424,530399232,536928256,1.14,37369396207
malloc-large.ke,6615040,529903616,536928256,1.23,37369412912
malloc-large.ke,6397952,530120704,536928256,1.19,37369415174
malloc-large.ke,6746112,529772544,536928256,1.26,37369423955
malloc-large.ke,6275072,530243584,536928256,1.17,37369426597
malloc-large.ke,6422528,530096128,536928256,1.20,37369433119
malloc-large.ke,6053888,530464768,536928256,1.13,37369435482
malloc-large.ke,6541312,529977344,536928256,1.22,37369453238
malloc-large.ke,6311936,530206720,536928256,1.18,37369455931
malloc-large.ke,6696960,529821696,536928256,1.25,37369469685
malloc-large.ke,6500352,530018304,536928256,1.21,37381623495
malloc-large.ke,6885376,529633280,536928256,1.28,37381648143
malloc-large.ke,6672384,529846272,536928256,1.24,37381652384
malloc-large.ke,6909952,529608704,536928256,1.29,37381660431
malloc-large.ke,6684672,529833984,536928256,1.24,37381662798
malloc-large.ke,6967296,529551360,536928256,1.30,37381671300
malloc-large.ke,6455296,530063360,536928256,1.20,37381674323
malloc-large.ke,6938624,529580032,536928256,1.29,37381691040
malloc-large.ke,6451200,530067456,536928256,1.20,37381695935
malloc-large.ke,6963200,529555456,536928256,1.30,37381713716
malloc-large.ke,6451200,530067456,536928256,1.20,37381716969
malloc-large.ke,6598656,529920000,536928256,1.23,37381723096
malloc-large.ke,6451200,530067456,536928256,1.20,37381725003
malloc-large.ke,6787072,529731584,536928256,1.26,37381737323
malloc-large.ke,6504448,530014208,536928256,1.21,37381740132
malloc-large.ke,6877184,529641472,536928256,1.28,37381752725
malloc-large.ke,6381568,530137088,536928256,1.19,37393349756
malloc-large.ke,6696960,529821696,536928256,1.25,37393360758
malloc-large.ke,6352896,530165760,536928256,1.18,37393364093
malloc-large.ke,6864896,529653760,536928256,1.28,37393381112
malloc-large.ke,6602752,529915904,536928256,1.23,37393383381
malloc-large.ke,6873088,529645568,536928256,1.28,37393391791
malloc-large.ke,6488064,530030592,536928256,1.21,37393393787
malloc-large.ke,6717440,529801216,536928256,1.25,37393399490
malloc-large.ke,6393856,530124800,536928256,1.19,37393401345
malloc-large.ke,6713344,529805312,536928256,1.25,37393407907
malloc-large.ke,6365184,530153472,536928256,1.19,37393410076
malloc-large.ke,6594560,529924096,536928256,1.23,37393414660
malloc-large.ke,6320128,530198528,536928256,1.18,37393416316
malloc-large.ke,6778880,529739776,536928256,1.26,37393429166
malloc-large.ke,6549504,529969152,536928256,1.22,37393431157
malloc-large.ke,6979584,529539072,536928256,0.00,37393443899
malloc-large.ke,6615040,529903616,536928256,1.23,37403888585
malloc-large.ke,6819840,529698816,536928256,1.27,37403893778
malloc-large.ke,6549504,529969152,536928256,1.22,37403896118
malloc-large.ke,6930432,529588224,536928256,1.29,37403904526
malloc-large.ke,6725632,529793024,536928256,1.25,37403906690
malloc-large.ke,6926336,529592320,536928256,1.29,37403912155
malloc-large.ke,6541312,529977344,536928256,1.22,37403914074
malloc-large.ke,6717440,529801216,536928256,1.25,37403920524
malloc-large.ke,6287360,530231296,536928256,1.17,37403922666
malloc-large.ke,6684672,529833984,536928256,1.24,37403932157
malloc-large.ke,6492160,530026496,536928256,1.21,37403933850
malloc-large.ke,6918144,529600512,536928256,1.29,37403947908
malloc-large.ke,6647808,529870848,536928256,1.24,37403949766
malloc-large.ke,7008256,529510400,536928256,1.31,37403959547
malloc-large.ke,6582272,529936384,536928256,1.23,37403961597
malloc-large.ke,6774784,529743872,536928256,0.00,37403965518
malloc-large.ke,6393856,530124800,536928256,1.19,37414303026
malloc-large.ke,6774784,529743872,536928256,1.26,37414311391
malloc-large.ke,6627328,529891328,536928256,1.23,37414313140
malloc-large.ke,6901760,529616896,536928256,1.29,37414322763
malloc-large.ke,6664192,529854464,536928256,1.24,37414325332
malloc-large.ke,7081984,529436672,536928256,1.32,37414338450
malloc-large.ke,6905856,529612800,536928256,1.29,37414340068
malloc-large.ke,7180288,529338368,536928256,1.34,37414345491
malloc-large.ke,6782976,529735680,536928256,1.26,37414347388
malloc-large.ke,7208960,529309696,536928256,1.34,37414359115
malloc-large.ke,6791168,529727488,536928256,1.26,37414361052
malloc-large.ke,7069696,529448960,536928256,1.32,37414367597
malloc-large.ke,6750208,529768448,536928256,1.26,37414369346
malloc-large.ke,7217152,529301504,536928256,1.34,37414383968
malloc-large.ke,6791168,529727488,536928256,1.26,37414386543
malloc-large.ke,7081984,529436672,536928256,0.00,37414392427
malloc-large.ke,6746112,529772544,536928256,1.26,37425831798
malloc-large.ke,47079424,489439232,536928256,8.77,37426447809
malloc-large.ke,46878720,489639936,536928256,8.73,37426453047
malloc-large.ke,47144960,489373696,536928256,8.78,37426459537
malloc-large.ke,46784512,489734144,536928256,8.71,37426461532
malloc-large.ke,73433088,463085568,536928256,13.68,37426874176
malloc-large.ke,46784512,489734144,536928256,8.71,37426924329
malloc-large.ke,47079424,489439232,536928256,8.77,37426932657
malloc-large.ke,46706688,489811968,536928256,8.70,37426934940
malloc-large.ke,47017984,489500672,536928256,8.76,37426942961
malloc-large.ke,46723072,489795584,536928256,8.70,37426945104
malloc-large.ke,46948352,489570304,536928256,8.74,37426950847
malloc-large.ke,46436352,490082304,536928256,8.65,37426952997
malloc-large.ke,46714880,489803776,536928256,8.70,37426960822
malloc-large.ke,46399488,490119168,536928256,8.64,37426962633
malloc-large.ke,46669824,489848832,536928256,8.69,37438187161
malloc-large.ke,46157824,490360832,536928256,8.60,37438191552
malloc-large.ke,46370816,490147840,536928256,8.64,37438199740
malloc-large.ke,46092288,490426368,536928256,8.58,37438201735
malloc-large.ke,46518272,490000384,536928256,8.66,37438213327
malloc-large.ke,46034944,490483712,536928256,8.57,37438215710
malloc-large.ke,46473216,490045440,536928256,8.66,37438230313
malloc-large.ke,46198784,490319872,536928256,8.60,37438234698
malloc-large.ke,46637056,489881600,536928256,8.69,37438253065
malloc-large.ke,46239744,490278912,536928256,8.61,37438259155
malloc-large.ke,46575616,489943040,536928256,8.67,37438269674
malloc-large.ke,46350336,490168320,536928256,8.63,37438271800
malloc-large.ke,46804992,489713664,536928256,8.72,37438284291
malloc-large.ke,6471680,530046976,536928256,1.21,37438381152
malloc-large.ke,6803456,529715200,536928256,1.27,37438391449
malloc-large.ke,6344704,530173952,536928256,1.18,37438394425
malloc-large.ke,6762496,529756160,536928256,1.26,37449650176
malloc-large.ke,6471680,530046976,536928256,1.21,37449653149
malloc-large.ke,6860800,529657856,536928256,1.28,37449665416
malloc-large.ke,6582272,529936384,536928256,1.23,37449667653
malloc-large.ke,7090176,529428480,536928256,1.32,37449682864
malloc-large.ke,6635520,529883136,536928256,1.24,37449685506
malloc-large.ke,6877184,529641472,536928256,1.28,37449690880
malloc-large.ke,6635520,529883136,536928256,1.24,37449692456
malloc-large.ke,7065600,529453056,536928256,1.32,37449703701
malloc-large.ke,6791168,529727488,536928256,1.26,37449705518
malloc-large.ke,7213056,529305600,536928256,1.34,37449717100
malloc-large.ke,6705152,529813504,536928256,1.25,37449719657
malloc-large.ke,7143424,529375232,536928256,1.33,37449732814
malloc-large.ke,6877184,529641472,536928256,1.28,37449734970
malloc-large.ke,7233536,529285120,536928256,1.35,37449742511
malloc-large.ke,6877184,529641472,536928256,1.28,37449744326
malloc-large.ke,7294976,529223680,536928256,1.36,37460435027
malloc-large.ke,7024640,529494016,536928256,1.31,37460437336
malloc-large.ke,7229440,529289216,536928256,1.35,37460442684
malloc-large.ke,6807552,529711104,536928256,1.27,37460444660
malloc-large.ke,6995968,529522688,536928256,1.30,37460448908
malloc-large.ke,6557696,529960960,536928256,1.22,37460451128
malloc-large.ke,7069696,529448960,536928256,1.32,37460468151
malloc-large.ke,6688768,529829888,536928256,1.25,37460470923
malloc-large.ke,6832128,529686528,536928256,1.27,37460474728
malloc-large.ke,6365184,530153472,536928256,1.19,37460476683
malloc-large.ke,6541312,529977344,536928256,1.22,37460482685
malloc-large.ke,6397952,530120704,536928256,1.19,37460484156
malloc-large.ke,6778880,529739776,536928256,1.26,37460492266
malloc-large.ke,6602752,529915904,536928256,1.23,37460494486
malloc-large.ke,6750208,529768448,536928256,1.26,37460499694
malloc-large.ke,6324224,530194432,536928256,1.18,37460502477
malloc-large.ke,6471680,530046976,536928256,1.21,37475451158
malloc-large.ke,6266880,530251776,536928256,1.17,37475454139
malloc-large.ke,6602752,529915904,536928256,1.23,37475464763
malloc-large.ke,6414336,530104320,536928256,1.19,37475466720
malloc-large.ke,6762496,529756160,536928256,1.26,37475476604
malloc-large.ke,6324224,530194432,536928256,1.18,37475480833
malloc-large.ke,6668288,529850368,536928256,1.24,37475495531
malloc-large.ke,6287360,530231296,536928256,1.17,37475501777
malloc-large.ke,6422528,530096128,536928256,1.20,37475515689
malloc-large.ke,6287360,530231296,536928256,1.17,37475521307
malloc-large.ke,6475776,530042880,536928256,1.21,37475535234
malloc-large.ke,6049792,530468864,536928256,1.13,37475540164
malloc-large.ke,6320128,530198528,536928256,1.18,37475556960
malloc-large.ke,6107136,530411520,536928256,1.14,37475560978
malloc-large.ke,6250496,530268160,536928256,1.16,37475573090
malloc-large.ke,5914624,530604032,536928256,0.00,37475576314
malloc-large.ke,6184960,530333696,536928256,1.15,37487974651
malloc-large.ke,5754880,530763776,536928256,1.07,37487977132
malloc-large.ke,5935104,530583552,536928256,1.11,37487984188
malloc-large.ke,5664768,530853888,536928256,1.06,37487986065
malloc-large.ke,5844992,530673664,536928256,1.09,37487991974
malloc-large.ke,5656576,530862080,536928256,1.05,37487993862
malloc-large.ke,6045696,530472960,536928256,1.13,37488004795
malloc-large.ke,5701632,530817024,536928256,1.06,37488006888
malloc-large.ke,5947392,530571264,536928256,1.11,37488014315
malloc-large.ke,5804032,530714624,536928256,1.08,37488015979
malloc-large.ke,6258688,530259968,536928256,1.17,37488028127
malloc-large.ke,6111232,530407424,536928256,1.14,37488030010
malloc-large.ke,6381568,530137088,536928256,1.19,37488038305
malloc-large.ke,6045696,530472960,536928256,1.13,37488040677
malloc-large.ke,6402048,530116608,536928256,1.19,37488052800
malloc-large.ke,6221824,530296832,536928256,0.00,37488055444
malloc-large.ke,6434816,530083840,536928256,1.20,37499360283
malloc-large.ke,5980160,530538496,536928256,1.11,37499363089
malloc-large.ke,6381568,530137088,536928256,1.19,37499373502
malloc-large.ke,6152192,530366464,536928256,1.15,37499375242
malloc-large.ke,6615040,529903616,536928256,1.23,37499391080
malloc-large.ke,6467584,530051072,536928256,1.20,37499393035
malloc-large.ke,6782976,529735680,536928256,1.26,37499399312
malloc-large.ke,6393856,530124800,536928256,1.19,37499401505
malloc-large.ke,6832128,529686528,536928256,1.27,37499412434
malloc-large.ke,6651904,529866752,536928256,1.24,37499414087
malloc-large.ke,7036928,529481728,536928256,1.31,37499425978
malloc-large.ke,6651904,529866752,536928256,1.24,37499427979
malloc-large.ke,6832128,529686528,536928256,1.27,37499432076
malloc-large.ke,6414336,530104320,536928256,1.19,37499434139
malloc-large.ke,6721536,529797120,536928256,1.25,37499443532
malloc-large.ke,6406144,530112512,536928256,0.00,37499445413
malloc-large.ke,6860800,529657856,536928256,1.28,37512189685
malloc-large.ke,6590464,529928192,536928256,1.23,37512192396
malloc-large.ke,7081984,529436672,536928256,1.32,37512211023
malloc-large.ke,6643712,529874944,536928256,1.24,37512214006
malloc-large.ke,6877184,529641472,536928256,1.28,37512224835
malloc-large.ke,6696960,529821696,536928256,1.25,37512227321
malloc-large.ke,6950912,529567744,536928256,1.29,37512236356
malloc-large.ke,6758400,529760256,536928256,1.26,37512238844
malloc-large.ke,6991872,529526784,536928256,1.30,37512249757
malloc-large.ke,6737920,529780736,536928256,1.25,37512253273
malloc-large.ke,6959104,529559552,536928256,1.30,37512266035
malloc-large.ke,6467584,530051072,536928256,1.20,37512270243
malloc-large.ke,6705152,529813504,536928256,1.25,37512284154
malloc-large.ke,6287360,530231296,536928256,1.17,37512287523
malloc-large.ke,6774784,529743872,536928256,1.26,37512300455
malloc-large.ke,6553600,529965056,536928256,0.00,37512302837
malloc-large.ke,6774784,529743872,536928256,1.26,37523261563
malloc-large.ke,6537216,529981440,536928256,1.22,37523263420
malloc-large.ke,6955008,529563648,536928256,1.30,37523275438
malloc-large.ke,6742016,529776640,536928256,1.26,37523277054
malloc-large.ke,7086080,529432576,536928256,1.32,37523291267
malloc-large.ke,6742016,529776640,536928256,1.26,37523293981
malloc-large.ke,6926336,529592320,536928256,1.29,37523298000
malloc-large.ke,6619136,529899520,536928256,1.23,37523302749
malloc-large.ke,6811648,529707008,536928256,1.27,37523308236
malloc-large.ke,6541312,529977344,536928256,1.22,37523309821
malloc-large.ke,6856704,529661952,536928256,1.28,37523317738
malloc-large.ke,6541312,529977344,536928256,1.22,37523319498
malloc-large.ke,6725632,529793024,536928256,1.25,37523324557
malloc-large.ke,6336512,530182144,536928256,1.18,37523326349
malloc-large.ke,6651904,529866752,536928256,1.24,37523334678
malloc-large.ke,6418432,530100224,536928256,0.00,37523336203
malloc-large.ke,6615040,529903616,536928256,1.23,37533548228
malloc-large.ke,6393856,530124800,536928256,1.19,37533550076
malloc-large.ke,6832128,529686528,536928256,1.27,37533560602
malloc-large.ke,6430720,530087936,536928256,1.20,37533562562
malloc-large.ke,6590464,529928192,536928256,1.23,37533568182
malloc-large.ke,6356992,530161664,536928256,1.18,37533569886
malloc-large.ke,6778880,529739776,536928256,1.26,37533580753
malloc-large.ke,6291456,530227200,536928256,1.17,37533582985
malloc-large.ke,6504448,530014208,536928256,1.21,37533588945
malloc-large.ke,6156288,530362368,536928256,1.15,37533591012
malloc-large.ke,6594560,529924096,536928256,1.23,37533602830
malloc-large.ke,6410240,530108416,536928256,1.19,37533604467
malloc-large.ke,6791168,529727488,536928256,1.26,37533612553
malloc-large.ke,6631424,529887232,536928256,1.24,37533617978
malloc-large.ke,7122944,529395712,536928256,1.33,37533639902
malloc-large.ke,6791168,529727488,536928256,0.00,37533642741
malloc-large.ke,7077888,529440768,536928256,1.32,37544157685
malloc-large.ke,6565888,529952768,536928256,1.22,37544160560
malloc-large.ke,7041024,529477632,536928256,1.31,37544170144
malloc-large.ke,6795264,529723392,536928256,1.27,37544171827
malloc-large.ke,7270400,529248256,536928256,1.35,37544181993
malloc-large.ke,6955008,529563648,536928256,1.30,37544183813
malloc-large.ke,7176192,529342464,536928256,1.34,37544190706
malloc-large.ke,6955008,529563648,536928256,1.30,37544192305
malloc-large.ke,7110656,529408000,536928256,1.32,37544199094
malloc-large.ke,6918144,529600512,536928256,1.29,37544201011
malloc-large.ke,7061504,529457152,536928256,1.32,37544205759
malloc-large.ke,6705152,529813504,536928256,1.25,37544207972
malloc-large.ke,6868992,529649664,536928256,1.28,37544213452
malloc-large.ke,6414336,530104320,536928256,1.19,37544215374
malloc-large.ke,6770688,529747968,536928256,1.26,37544223061
malloc-large.ke,6332416,530186240,536928256,0.00,37544225183
malloc-large.ke,6656000,529862656,536928256,1.24,37556428436
malloc-large.ke,6217728,530300928,536928256,1.16,37556431401
malloc-large.ke,6565888,529952768,536928256,1.22,37556444594
malloc-large.ke,6127616,530391040,536928256,1.14,37556447347
malloc-large.ke,6307840,530210816,536928256,1.17,37556455750
malloc-large.ke,5996544,530522112,536928256,1.12,37556458658
malloc-large.ke,6488064,530030592,536928256,1.21,37556479440
malloc-large.ke,6201344,530317312,536928256,1.15,37556482564
malloc-large.ke,6426624,530092032,536928256,1.20,37556490303
malloc-large.ke,5951488,530567168,536928256,1.11,37556493779
malloc-large.ke,34742272,501776384,536928256,6.47,37557057163
malloc-large.ke,5951488,530567168,536928256,1.11,37557119750
malloc-large.ke,6299648,530219008,536928256,1.17,37557129152
malloc-large.ke,6119424,530399232,536928256,1.14,37557130944
malloc-large.ke,6352896,530165760,536928256,1.18,37557137971
malloc-large.ke,6197248,530321408,536928256,0.00,37557139859
malloc-large.ke,6389760,530128896,536928256,1.19,37567941096
malloc-large.ke,6246400,530272256,536928256,1.16,37567942768
malloc-large.ke,6684672,529833984,536928256,1.24,37567954029
malloc-large.ke,6471680,530046976,536928256,1.21,37567955774
malloc-large.ke,6729728,529788928,536928256,1.25,37567961374
malloc-large.ke,6238208,530280448,536928256,1.16,37567963378
malloc-large.ke,6524928,529993728,536928256,1.22,37567971367
malloc-large.ke,6238208,530280448,536928256,1.16,37567973055
malloc-large.ke,6377472,530141184,536928256,1.19,37567976337
malloc-large.ke,6184960,530333696,536928256,1.15,37567978215
malloc-large.ke,6619136,529899520,536928256,1.23,37567988961
malloc-large.ke,6393856,530124800,536928256,1.19,37567990570
malloc-large.ke,6803456,529715200,536928256,1.27,37568000961
malloc-large.ke,6340608,530178048,536928256,1.18,37568002999
malloc-large.ke,6660096,529858560,536928256,1.24,37568009578
malloc-large.ke,6479872,530038784,536928256,1.21,37578022991
malloc-large.ke,6758400,529760256,536928256,1.26,37578031071
malloc-large.ke,6324224,530194432,536928256,1.18,37578033243
malloc-large.ke,6836224,529682432,536928256,1.27,37578045654
malloc-large.ke,6578176,529940480,536928256,1.23,37578047783
malloc-large.ke,6733824,529784832,536928256,1.25,37578051865
malloc-large.ke,6410240,530108416,536928256,1.19,37578053876
malloc-large.ke,6852608,529666048,536928256,1.28,37578068456
malloc-large.ke,6504448,530014208,536928256,1.21,37578072247
malloc-large.ke,6651904,529866752,536928256,1.24,37578082544
malloc-large.ke,6303744,530214912,536928256,1.17,37578087480
malloc-large.ke,6594560,529924096,536928256,1.23,37578100434
malloc-large.ke,6238208,530280448,536928256,1.16,37578104450
malloc-large.ke,6516736,530001920,536928256,1.21,37578111277
malloc-large.ke,6332416,530186240,536928256,1.18,37578112846
malloc-large.ke,6594560,529924096,536928256,1.23,37578124846
malloc-large.ke,6397952,530120704,536928256,1.19,37588394554
malloc-large.ke,6606848,529911808,536928256,1.23,37588401243
malloc-large.ke,6197248,530321408,536928256,1.15,37588403272
malloc-large.ke,6467584,530051072,536928256,1.20,37588412741
malloc-large.ke,6148096,530370560,536928256,1.15,37588415093
malloc-large.ke,6488064,530030592,536928256,1.21,37588422274
malloc-large.ke,6045696,530472960,536928256,1.13,37588424298
malloc-large.ke,6496256,530022400,536928256,1.21,37588434440
malloc-large.ke,6156288,530362368,536928256,1.15,37588436234
malloc-large.ke,6574080,529944576,536928256,1.22,37588444996
malloc-large.ke,6193152,530325504,536928256,1.15,37588447311
malloc-large.ke,6475776,530042880,536928256,1.21,37588452902
malloc-large.ke,6193152,530325504,536928256,1.15,37588454955
malloc-large.ke,6647808,529870848,536928256,1.24,37588467532
malloc-large.ke,6225920,530292736,536928256,1.16,37588470279
malloc-large.ke,6410240,530108416,536928256,1.19,37588475255
malloc-large.ke,5959680,530558976,536928256,1.11,37599920490
malloc-large.ke,6397952,530120704,536928256,1.19,37599935920
malloc-large.ke,5906432,530612224,536928256,1.10,37599939303
malloc-large.ke,6230016,530288640,536928256,1.16,37599948027
malloc-large.ke,6021120,530497536,536928256,1.12,37599950276
malloc-large.ke,6217728,530300928,536928256,1.16,37599962195
malloc-large.ke,5939200,530579456,536928256,1.11,37599964983
malloc-large.ke,6090752,530427904,536928256,1.13,37599970400
malloc-large.ke,5578752,530939904,536928256,1.04,37599973853
malloc-large.ke,5877760,530640896,536928256,1.09,37599982380
malloc-large.ke,5730304,530788352,536928256,1.07,37599984535
malloc-large.ke,6025216,530493440,536928256,1.12,37599996371
malloc-large.ke,5726208,530792448,536928256,1.07,37599999054
malloc-large.ke,5971968,530546688,536928256,1.11,37600007207
malloc-large.ke,5533696,530984960,536928256,1.03,37600010033
malloc-large.ke,5730304,530788352,536928256,1.07,37600019154
malloc-large.ke,5275648,531243008,536928256,0.98,37610700863
malloc-large.ke,5554176,530964480,536928256,1.03,37610709399
malloc-large.ke,5398528,531120128,536928256,1.01,37610710930
malloc-large.ke,5627904,530890752,536928256,1.05,37610718243
malloc-large.ke,5488640,531030016,536928256,1.02,37610720056
malloc-large.ke,5693440,530825216,536928256,1.06,37610724902
malloc-large.ke,5414912,531103744,536928256,1.01,37610726528
malloc-large.ke,5820416,530698240,536928256,1.08,37610739939
malloc-large.ke,5623808,530894848,536928256,1.05,37610741900
malloc-large.ke,5808128,530710528,536928256,1.08,37610747115
malloc-large.ke,5562368,530956288,536928256,1.04,37610875001
malloc-large.ke,5332992,531185664,536928256,0.99,37610877329
malloc-large.ke,5181440,531337216,536928256,0.97,37610878978
malloc-large.ke,4997120,531521536,536928256,0.93,37610880622
malloc-large.ke,4579328,531939328,536928256,0.85,37610883173
malloc-large.ke,4284416,532234240,536928256,0.80,37620979747
malloc-large.ke,3960832,532557824,536928256,0.74,37620981662
malloc-large.ke,3690496,532828160,536928256,0.69,37620983227
malloc-large.ke,3493888,533024768,536928256,0.65,37620984613
malloc-large.ke,3330048,533188608,536928256,0.62,37620985949
malloc-large.ke,3051520,533467136,536928256,0.57,37620987462
malloc-large.ke,2633728,533884928,536928256,0.49,37620989789
malloc-large.ke,2228224,534290432,536928256,0.41,37620991634
malloc-large.ke,1789952,534728704,536928256,0.33,37620993528
malloc-large.ke,1499136,535019520,536928256,0.28,37620995120
malloc-large.ke,1265664,535252992,536928256,0.24,37620996594
malloc-large.ke,790528,535728128,536928256,0.15,37620998883
malloc-large.ke,606208,535912448,536928256,0.11,37621000918
malloc-large.ke,401408,536117248,536928256,0.07,37621002529
malloc-large.ke,139264,536379392,536928256,0.03,37621004202
